,filepath,label
0,data/train\nevus\ISIC_0000000.jpg,0
1,data/train\nevus\ISIC_0000001.jpg,0
2,data/train\nevus\ISIC_0000003.jpg,0
3,data/train\nevus\ISIC_0000006.jpg,0
4,data/train\nevus\ISIC_0000007.jpg,0
5,data/train\nevus\ISIC_0000008.jpg,0
6,data/train\nevus\ISIC_0000009.jpg,0
7,data/train\nevus\ISIC_0000010.jpg,0
8,data/train\nevus\ISIC_0000011.jpg,0
9,data/train\nevus\ISIC_0000012.jpg,0
10,data/train\nevus\ISIC_0000014.jpg,0
11,data/train\nevus\ISIC_0000015.jpg,0
12,data/train\nevus\ISIC_0000016.jpg,0
13,data/train\nevus\ISIC_0000017.jpg,0
14,data/train\nevus\ISIC_0000018.jpg,0
15,data/train\nevus\ISIC_0000019.jpg,0
16,data/train\nevus\ISIC_0000020.jpg,0
17,data/train\nevus\ISIC_0000021.jpg,0
18,data/train\nevus\ISIC_0000023.jpg,0
19,data/train\nevus\ISIC_0000024.jpg,0
20,data/train\nevus\ISIC_0000025.jpg,0
21,data/train\nevus\ISIC_0000027.jpg,0
22,data/train\nevus\ISIC_0000028.jpg,0
23,data/train\nevus\ISIC_0000032.jpg,0
24,data/train\nevus\ISIC_0000034.jpg,0
25,data/train\nevus\ISIC_0000037.jpg,0
26,data/train\nevus\ISIC_0000038.jpg,0
27,data/train\nevus\ISIC_0000039.jpg,0
28,data/train\nevus\ISIC_0000041.jpg,0
29,data/train\nevus\ISIC_0000042.jpg,0
30,data/train\nevus\ISIC_0000044.jpg,0
31,data/train\nevus\ISIC_0000045.jpg,0
32,data/train\nevus\ISIC_0000047.jpg,0
33,data/train\nevus\ISIC_0000048.jpg,0
34,data/train\nevus\ISIC_0000050.jpg,0
35,data/train\nevus\ISIC_0000051.jpg,0
36,data/train\nevus\ISIC_0000052.jpg,0
37,data/train\nevus\ISIC_0000053.jpg,0
38,data/train\nevus\ISIC_0000055.jpg,0
39,data/train\nevus\ISIC_0000057.jpg,0
40,data/train\nevus\ISIC_0000059.jpg,0
41,data/train\nevus\ISIC_0000061.jpg,0
42,data/train\nevus\ISIC_0000062.jpg,0
43,data/train\nevus\ISIC_0000063.jpg,0
44,data/train\nevus\ISIC_0000064.jpg,0
45,data/train\nevus\ISIC_0000065.jpg,0
46,data/train\nevus\ISIC_0000066.jpg,0
47,data/train\nevus\ISIC_0000067.jpg,0
48,data/train\nevus\ISIC_0000068.jpg,0
49,data/train\nevus\ISIC_0000069.jpg,0
50,data/train\nevus\ISIC_0000071.jpg,0
51,data/train\nevus\ISIC_0000072.jpg,0
52,data/train\nevus\ISIC_0000073.jpg,0
53,data/train\nevus\ISIC_0000075.jpg,0
54,data/train\nevus\ISIC_0000079.jpg,0
55,data/train\nevus\ISIC_0000080.jpg,0
56,data/train\nevus\ISIC_0000081.jpg,0
57,data/train\nevus\ISIC_0000082.jpg,0
58,data/train\nevus\ISIC_0000085.jpg,0
59,data/train\nevus\ISIC_0000086.jpg,0
60,data/train\nevus\ISIC_0000087.jpg,0
61,data/train\nevus\ISIC_0000088.jpg,0
62,data/train\nevus\ISIC_0000089.jpg,0
63,data/train\nevus\ISIC_0000091.jpg,0
64,data/train\nevus\ISIC_0000092.jpg,0
65,data/train\nevus\ISIC_0000093.jpg,0
66,data/train\nevus\ISIC_0000094.jpg,0
67,data/train\nevus\ISIC_0000095.jpg,0
68,data/train\nevus\ISIC_0000096.jpg,0
69,data/train\nevus\ISIC_0000097.jpg,0
70,data/train\nevus\ISIC_0000098.jpg,0
71,data/train\nevus\ISIC_0000099.jpg,0
72,data/train\nevus\ISIC_0000100.jpg,0
73,data/train\nevus\ISIC_0000101.jpg,0
74,data/train\nevus\ISIC_0000102.jpg,0
75,data/train\nevus\ISIC_0000103.jpg,0
76,data/train\nevus\ISIC_0000104.jpg,0
77,data/train\nevus\ISIC_0000105.jpg,0
78,data/train\nevus\ISIC_0000107.jpg,0
79,data/train\nevus\ISIC_0000108.jpg,0
80,data/train\nevus\ISIC_0000109.jpg,0
81,data/train\nevus\ISIC_0000110.jpg,0
82,data/train\nevus\ISIC_0000111.jpg,0
83,data/train\nevus\ISIC_0000112.jpg,0
84,data/train\nevus\ISIC_0000113.jpg,0
85,data/train\nevus\ISIC_0000116.jpg,0
86,data/train\nevus\ISIC_0000118.jpg,0
87,data/train\nevus\ISIC_0000119.jpg,0
88,data/train\nevus\ISIC_0000120.jpg,0
89,data/train\nevus\ISIC_0000121.jpg,0
90,data/train\nevus\ISIC_0000122.jpg,0
91,data/train\nevus\ISIC_0000123.jpg,0
92,data/train\nevus\ISIC_0000124.jpg,0
93,data/train\nevus\ISIC_0000125.jpg,0
94,data/train\nevus\ISIC_0000126.jpg,0
95,data/train\nevus\ISIC_0000127.jpg,0
96,data/train\nevus\ISIC_0000128.jpg,0
97,data/train\nevus\ISIC_0000129.jpg,0
98,data/train\nevus\ISIC_0000130.jpg,0
99,data/train\nevus\ISIC_0000131.jpg,0
100,data/train\nevus\ISIC_0000132.jpg,0
101,data/train\nevus\ISIC_0000133.jpg,0
102,data/train\nevus\ISIC_0000134.jpg,0
103,data/train\nevus\ISIC_0000135.jpg,0
104,data/train\nevus\ISIC_0000136.jpg,0
105,data/train\nevus\ISIC_0000137.jpg,0
106,data/train\nevus\ISIC_0000138.jpg,0
107,data/train\nevus\ISIC_0000177.jpg,0
108,data/train\nevus\ISIC_0000179.jpg,0
109,data/train\nevus\ISIC_0000181.jpg,0
110,data/train\nevus\ISIC_0000182.jpg,0
111,data/train\nevus\ISIC_0000184.jpg,0
112,data/train\nevus\ISIC_0000185.jpg,0
113,data/train\nevus\ISIC_0000186.jpg,0
114,data/train\nevus\ISIC_0000188.jpg,0
115,data/train\nevus\ISIC_0000189.jpg,0
116,data/train\nevus\ISIC_0000190.jpg,0
117,data/train\nevus\ISIC_0000191.jpg,0
118,data/train\nevus\ISIC_0000192.jpg,0
119,data/train\nevus\ISIC_0000193.jpg,0
120,data/train\nevus\ISIC_0000196.jpg,0
121,data/train\nevus\ISIC_0000197.jpg,0
122,data/train\nevus\ISIC_0000198.jpg,0
123,data/train\nevus\ISIC_0000199.jpg,0
124,data/train\nevus\ISIC_0000201.jpg,0
125,data/train\nevus\ISIC_0000202.jpg,0
126,data/train\nevus\ISIC_0000203.jpg,0
127,data/train\nevus\ISIC_0000204.jpg,0
128,data/train\nevus\ISIC_0000205.jpg,0
129,data/train\nevus\ISIC_0000206.jpg,0
130,data/train\nevus\ISIC_0000207.jpg,0
131,data/train\nevus\ISIC_0000208.jpg,0
132,data/train\nevus\ISIC_0000209.jpg,0
133,data/train\nevus\ISIC_0000211.jpg,0
134,data/train\nevus\ISIC_0000212.jpg,0
135,data/train\nevus\ISIC_0000213.jpg,0
136,data/train\nevus\ISIC_0000214.jpg,0
137,data/train\nevus\ISIC_0000215.jpg,0
138,data/train\nevus\ISIC_0000216.jpg,0
139,data/train\nevus\ISIC_0000217.jpg,0
140,data/train\nevus\ISIC_0000218.jpg,0
141,data/train\nevus\ISIC_0000219.jpg,0
142,data/train\nevus\ISIC_0000220.jpg,0
143,data/train\nevus\ISIC_0000221.jpg,0
144,data/train\nevus\ISIC_0000222.jpg,0
145,data/train\nevus\ISIC_0000223.jpg,0
146,data/train\nevus\ISIC_0000224.jpg,0
147,data/train\nevus\ISIC_0000225.jpg,0
148,data/train\nevus\ISIC_0000226.jpg,0
149,data/train\nevus\ISIC_0000227.jpg,0
150,data/train\nevus\ISIC_0000229.jpg,0
151,data/train\nevus\ISIC_0000231.jpg,0
152,data/train\nevus\ISIC_0000232.jpg,0
153,data/train\nevus\ISIC_0000233.jpg,0
154,data/train\nevus\ISIC_0000234.jpg,0
155,data/train\nevus\ISIC_0000235.jpg,0
156,data/train\nevus\ISIC_0000236.jpg,0
157,data/train\nevus\ISIC_0000237.jpg,0
158,data/train\nevus\ISIC_0000239.jpg,0
159,data/train\nevus\ISIC_0000240.jpg,0
160,data/train\nevus\ISIC_0000242.jpg,0
161,data/train\nevus\ISIC_0000243.jpg,0
162,data/train\nevus\ISIC_0000244.jpg,0
163,data/train\nevus\ISIC_0000245.jpg,0
164,data/train\nevus\ISIC_0000246.jpg,0
165,data/train\nevus\ISIC_0000247.jpg,0
166,data/train\nevus\ISIC_0000250.jpg,0
167,data/train\nevus\ISIC_0000251.jpg,0
168,data/train\nevus\ISIC_0000252.jpg,0
169,data/train\nevus\ISIC_0000253.jpg,0
170,data/train\nevus\ISIC_0000254.jpg,0
171,data/train\nevus\ISIC_0000255.jpg,0
172,data/train\nevus\ISIC_0000256.jpg,0
173,data/train\nevus\ISIC_0000258.jpg,0
174,data/train\nevus\ISIC_0000259.jpg,0
175,data/train\nevus\ISIC_0000260.jpg,0
176,data/train\nevus\ISIC_0000261.jpg,0
177,data/train\nevus\ISIC_0000262.jpg,0
178,data/train\nevus\ISIC_0000263.jpg,0
179,data/train\nevus\ISIC_0000264.jpg,0
180,data/train\nevus\ISIC_0000265.jpg,0
181,data/train\nevus\ISIC_0000268.jpg,0
182,data/train\nevus\ISIC_0000269.jpg,0
183,data/train\nevus\ISIC_0000274.jpg,0
184,data/train\nevus\ISIC_0000275.jpg,0
185,data/train\nevus\ISIC_0000315.jpg,0
186,data/train\nevus\ISIC_0000316.jpg,0
187,data/train\nevus\ISIC_0000317.jpg,0
188,data/train\nevus\ISIC_0000319.jpg,0
189,data/train\nevus\ISIC_0000320.jpg,0
190,data/train\nevus\ISIC_0000321.jpg,0
191,data/train\nevus\ISIC_0000322.jpg,0
192,data/train\nevus\ISIC_0000323.jpg,0
193,data/train\nevus\ISIC_0000324.jpg,0
194,data/train\nevus\ISIC_0000325.jpg,0
195,data/train\nevus\ISIC_0000326.jpg,0
196,data/train\nevus\ISIC_0000327.jpg,0
197,data/train\nevus\ISIC_0000328.jpg,0
198,data/train\nevus\ISIC_0000329.jpg,0
199,data/train\nevus\ISIC_0000330.jpg,0
200,data/train\nevus\ISIC_0000331.jpg,0
201,data/train\nevus\ISIC_0000332.jpg,0
202,data/train\nevus\ISIC_0000336.jpg,0
203,data/train\nevus\ISIC_0000338.jpg,0
204,data/train\nevus\ISIC_0000340.jpg,0
205,data/train\nevus\ISIC_0000341.jpg,0
206,data/train\nevus\ISIC_0000342.jpg,0
207,data/train\nevus\ISIC_0000343.jpg,0
208,data/train\nevus\ISIC_0000344.jpg,0
209,data/train\nevus\ISIC_0000345.jpg,0
210,data/train\nevus\ISIC_0000346.jpg,0
211,data/train\nevus\ISIC_0000347.jpg,0
212,data/train\nevus\ISIC_0000348.jpg,0
213,data/train\nevus\ISIC_0000349.jpg,0
214,data/train\nevus\ISIC_0000350.jpg,0
215,data/train\nevus\ISIC_0000351.jpg,0
216,data/train\nevus\ISIC_0000352.jpg,0
217,data/train\nevus\ISIC_0000353.jpg,0
218,data/train\nevus\ISIC_0000354.jpg,0
219,data/train\nevus\ISIC_0000355.jpg,0
220,data/train\nevus\ISIC_0000357.jpg,0
221,data/train\nevus\ISIC_0000358.jpg,0
222,data/train\nevus\ISIC_0000359.jpg,0
223,data/train\nevus\ISIC_0000360.jpg,0
224,data/train\nevus\ISIC_0000361.jpg,0
225,data/train\nevus\ISIC_0000363.jpg,0
226,data/train\nevus\ISIC_0000364.jpg,0
227,data/train\nevus\ISIC_0000365.jpg,0
228,data/train\nevus\ISIC_0000366.jpg,0
229,data/train\nevus\ISIC_0000367.jpg,0
230,data/train\nevus\ISIC_0000368.jpg,0
231,data/train\nevus\ISIC_0000369.jpg,0
232,data/train\nevus\ISIC_0000370.jpg,0
233,data/train\nevus\ISIC_0000371.jpg,0
234,data/train\nevus\ISIC_0000372.jpg,0
235,data/train\nevus\ISIC_0000374.jpg,0
236,data/train\nevus\ISIC_0000376.jpg,0
237,data/train\nevus\ISIC_0000377.jpg,0
238,data/train\nevus\ISIC_0000378.jpg,0
239,data/train\nevus\ISIC_0000379.jpg,0
240,data/train\nevus\ISIC_0000380.jpg,0
241,data/train\nevus\ISIC_0000381.jpg,0
242,data/train\nevus\ISIC_0000382.jpg,0
243,data/train\nevus\ISIC_0000383.jpg,0
244,data/train\nevus\ISIC_0000384.jpg,0
245,data/train\nevus\ISIC_0000385.jpg,0
246,data/train\nevus\ISIC_0000386.jpg,0
247,data/train\nevus\ISIC_0000387.jpg,0
248,data/train\nevus\ISIC_0000388.jpg,0
249,data/train\nevus\ISIC_0000391.jpg,0
250,data/train\nevus\ISIC_0000392.jpg,0
251,data/train\nevus\ISIC_0000396.jpg,0
252,data/train\nevus\ISIC_0000397.jpg,0
253,data/train\nevus\ISIC_0000403.jpg,0
254,data/train\nevus\ISIC_0000407.jpg,0
255,data/train\nevus\ISIC_0000408.jpg,0
256,data/train\nevus\ISIC_0000409.jpg,0
257,data/train\nevus\ISIC_0000416.jpg,0
258,data/train\nevus\ISIC_0000418.jpg,0
259,data/train\nevus\ISIC_0000419.jpg,0
260,data/train\nevus\ISIC_0000421.jpg,0
261,data/train\nevus\ISIC_0000423.jpg,0
262,data/train\nevus\ISIC_0000425.jpg,0
263,data/train\nevus\ISIC_0000426.jpg,0
264,data/train\nevus\ISIC_0000427.jpg,0
265,data/train\nevus\ISIC_0000431.jpg,0
266,data/train\nevus\ISIC_0000433.jpg,0
267,data/train\nevus\ISIC_0000436.jpg,0
268,data/train\nevus\ISIC_0000439.jpg,0
269,data/train\nevus\ISIC_0000442.jpg,0
270,data/train\nevus\ISIC_0000443.jpg,0
271,data/train\nevus\ISIC_0000447.jpg,0
272,data/train\nevus\ISIC_0000448.jpg,0
273,data/train\nevus\ISIC_0000449.jpg,0
274,data/train\nevus\ISIC_0000451.jpg,0
275,data/train\nevus\ISIC_0000453.jpg,0
276,data/train\nevus\ISIC_0000455.jpg,0
277,data/train\nevus\ISIC_0000456.jpg,0
278,data/train\nevus\ISIC_0000457.jpg,0
279,data/train\nevus\ISIC_0000458.jpg,0
280,data/train\nevus\ISIC_0000460.jpg,0
281,data/train\nevus\ISIC_0000461.jpg,0
282,data/train\nevus\ISIC_0000465.jpg,0
283,data/train\nevus\ISIC_0000467.jpg,0
284,data/train\nevus\ISIC_0000468.jpg,0
285,data/train\nevus\ISIC_0000470.jpg,0
286,data/train\nevus\ISIC_0000471.jpg,0
287,data/train\nevus\ISIC_0000473.jpg,0
288,data/train\nevus\ISIC_0000474.jpg,0
289,data/train\nevus\ISIC_0000475.jpg,0
290,data/train\nevus\ISIC_0000476.jpg,0
291,data/train\nevus\ISIC_0000478.jpg,0
292,data/train\nevus\ISIC_0000479.jpg,0
293,data/train\nevus\ISIC_0000480.jpg,0
294,data/train\nevus\ISIC_0000481.jpg,0
295,data/train\nevus\ISIC_0000483.jpg,0
296,data/train\nevus\ISIC_0000485.jpg,0
297,data/train\nevus\ISIC_0000486.jpg,0
298,data/train\nevus\ISIC_0000488.jpg,0
299,data/train\nevus\ISIC_0000489.jpg,0
300,data/train\nevus\ISIC_0000490.jpg,0
301,data/train\nevus\ISIC_0000491.jpg,0
302,data/train\nevus\ISIC_0000492.jpg,0
303,data/train\nevus\ISIC_0000493.jpg,0
304,data/train\nevus\ISIC_0000494.jpg,0
305,data/train\nevus\ISIC_0000495.jpg,0
306,data/train\nevus\ISIC_0000496.jpg,0
307,data/train\nevus\ISIC_0000498.jpg,0
308,data/train\nevus\ISIC_0000499.jpg,0
309,data/train\nevus\ISIC_0000500.jpg,0
310,data/train\nevus\ISIC_0000501.jpg,0
311,data/train\nevus\ISIC_0000503.jpg,0
312,data/train\nevus\ISIC_0000504.jpg,0
313,data/train\nevus\ISIC_0000505.jpg,0
314,data/train\nevus\ISIC_0000506.jpg,0
315,data/train\nevus\ISIC_0000507.jpg,0
316,data/train\nevus\ISIC_0000508.jpg,0
317,data/train\nevus\ISIC_0000509.jpg,0
318,data/train\nevus\ISIC_0000510.jpg,0
319,data/train\nevus\ISIC_0000514.jpg,0
320,data/train\nevus\ISIC_0000515.jpg,0
321,data/train\nevus\ISIC_0000523.jpg,0
322,data/train\nevus\ISIC_0000524.jpg,0
323,data/train\nevus\ISIC_0000525.jpg,0
324,data/train\nevus\ISIC_0000527.jpg,0
325,data/train\nevus\ISIC_0000528.jpg,0
326,data/train\nevus\ISIC_0000529.jpg,0
327,data/train\nevus\ISIC_0000530.jpg,0
328,data/train\nevus\ISIC_0000532.jpg,0
329,data/train\nevus\ISIC_0000534.jpg,0
330,data/train\nevus\ISIC_0000535.jpg,0
331,data/train\nevus\ISIC_0000536.jpg,0
332,data/train\nevus\ISIC_0000538.jpg,0
333,data/train\nevus\ISIC_0000539.jpg,0
334,data/train\nevus\ISIC_0000540.jpg,0
335,data/train\nevus\ISIC_0000541.jpg,0
336,data/train\nevus\ISIC_0000542.jpg,0
337,data/train\nevus\ISIC_0000543.jpg,0
338,data/train\nevus\ISIC_0000544.jpg,0
339,data/train\nevus\ISIC_0000545.jpg,0
340,data/train\nevus\ISIC_0000546.jpg,0
341,data/train\nevus\ISIC_0000556.jpg,0
342,data/train\nevus\ISIC_0000882.jpg,0
343,data/train\nevus\ISIC_0000900.jpg,0
344,data/train\nevus\ISIC_0000999.jpg,0
345,data/train\nevus\ISIC_0001960.jpg,0
346,data/train\nevus\ISIC_0002093.jpg,0
347,data/train\nevus\ISIC_0002107.jpg,0
348,data/train\nevus\ISIC_0002206.jpg,0
349,data/train\nevus\ISIC_0002246.jpg,0
350,data/train\nevus\ISIC_0002251.jpg,0
351,data/train\nevus\ISIC_0002287.jpg,0
352,data/train\nevus\ISIC_0002353.jpg,0
353,data/train\nevus\ISIC_0002374.jpg,0
354,data/train\nevus\ISIC_0002438.jpg,0
355,data/train\nevus\ISIC_0002439.jpg,0
356,data/train\nevus\ISIC_0002453.jpg,0
357,data/train\nevus\ISIC_0002459.jpg,0
358,data/train\nevus\ISIC_0002469.jpg,0
359,data/train\nevus\ISIC_0002476.jpg,0
360,data/train\nevus\ISIC_0002488.jpg,0
361,data/train\nevus\ISIC_0002489.jpg,0
362,data/train\nevus\ISIC_0002616.jpg,0
363,data/train\nevus\ISIC_0002647.jpg,0
364,data/train\nevus\ISIC_0002673.jpg,0
365,data/train\nevus\ISIC_0002780.jpg,0
366,data/train\nevus\ISIC_0002806.jpg,0
367,data/train\nevus\ISIC_0002829.jpg,0
368,data/train\nevus\ISIC_0002836.jpg,0
369,data/train\nevus\ISIC_0002871.jpg,0
370,data/train\nevus\ISIC_0002879.jpg,0
371,data/train\nevus\ISIC_0002885.jpg,0
372,data/train\nevus\ISIC_0002948.jpg,0
373,data/train\nevus\ISIC_0002975.jpg,0
374,data/train\nevus\ISIC_0002976.jpg,0
375,data/train\nevus\ISIC_0003005.jpg,0
376,data/train\nevus\ISIC_0003051.jpg,0
377,data/train\nevus\ISIC_0003056.jpg,0
378,data/train\nevus\ISIC_0003174.jpg,0
379,data/train\nevus\ISIC_0003308.jpg,0
380,data/train\nevus\ISIC_0003346.jpg,0
381,data/train\nevus\ISIC_0003728.jpg,0
382,data/train\nevus\ISIC_0004110.jpg,0
383,data/train\nevus\ISIC_0004115.jpg,0
384,data/train\nevus\ISIC_0004166.jpg,0
385,data/train\nevus\ISIC_0004168.jpg,0
386,data/train\nevus\ISIC_0004309.jpg,0
387,data/train\nevus\ISIC_0004346.jpg,0
388,data/train\nevus\ISIC_0004715.jpg,0
389,data/train\nevus\ISIC_0004985.jpg,0
390,data/train\nevus\ISIC_0005000.jpg,0
391,data/train\nevus\ISIC_0005187.jpg,0
392,data/train\nevus\ISIC_0005548.jpg,0
393,data/train\nevus\ISIC_0005555.jpg,0
394,data/train\nevus\ISIC_0005620.jpg,0
395,data/train\nevus\ISIC_0005639.jpg,0
396,data/train\nevus\ISIC_0005666.jpg,0
397,data/train\nevus\ISIC_0005787.jpg,0
398,data/train\nevus\ISIC_0006021.jpg,0
399,data/train\nevus\ISIC_0006114.jpg,0
400,data/train\nevus\ISIC_0006193.jpg,0
401,data/train\nevus\ISIC_0006326.jpg,0
402,data/train\nevus\ISIC_0006350.jpg,0
403,data/train\nevus\ISIC_0006612.jpg,0
404,data/train\nevus\ISIC_0006711.jpg,0
405,data/train\nevus\ISIC_0006776.jpg,0
406,data/train\nevus\ISIC_0006795.jpg,0
407,data/train\nevus\ISIC_0006800.jpg,0
408,data/train\nevus\ISIC_0006940.jpg,0
409,data/train\nevus\ISIC_0006982.jpg,0
410,data/train\nevus\ISIC_0007038.jpg,0
411,data/train\nevus\ISIC_0007087.jpg,0
412,data/train\nevus\ISIC_0007322.jpg,0
413,data/train\nevus\ISIC_0007475.jpg,0
414,data/train\nevus\ISIC_0007557.jpg,0
415,data/train\nevus\ISIC_0007693.jpg,0
416,data/train\nevus\ISIC_0007760.jpg,0
417,data/train\nevus\ISIC_0008029.jpg,0
418,data/train\nevus\ISIC_0008116.jpg,0
419,data/train\nevus\ISIC_0008145.jpg,0
420,data/train\nevus\ISIC_0008207.jpg,0
421,data/train\nevus\ISIC_0008236.jpg,0
422,data/train\nevus\ISIC_0008256.jpg,0
423,data/train\nevus\ISIC_0008280.jpg,0
424,data/train\nevus\ISIC_0008294.jpg,0
425,data/train\nevus\ISIC_0008347.jpg,0
426,data/train\nevus\ISIC_0008396.jpg,0
427,data/train\nevus\ISIC_0008403.jpg,0
428,data/train\nevus\ISIC_0008406.jpg,0
429,data/train\nevus\ISIC_0008507.jpg,0
430,data/train\nevus\ISIC_0008528.jpg,0
431,data/train\nevus\ISIC_0008541.jpg,0
432,data/train\nevus\ISIC_0008552.jpg,0
433,data/train\nevus\ISIC_0008600.jpg,0
434,data/train\nevus\ISIC_0008626.jpg,0
435,data/train\nevus\ISIC_0008659.jpg,0
436,data/train\nevus\ISIC_0008785.jpg,0
437,data/train\nevus\ISIC_0008807.jpg,0
438,data/train\nevus\ISIC_0008879.jpg,0
439,data/train\nevus\ISIC_0008992.jpg,0
440,data/train\nevus\ISIC_0008993.jpg,0
441,data/train\nevus\ISIC_0008998.jpg,0
442,data/train\nevus\ISIC_0009035.jpg,0
443,data/train\nevus\ISIC_0009078.jpg,0
444,data/train\nevus\ISIC_0009083.jpg,0
445,data/train\nevus\ISIC_0009160.jpg,0
446,data/train\nevus\ISIC_0009165.jpg,0
447,data/train\nevus\ISIC_0009188.jpg,0
448,data/train\nevus\ISIC_0009252.jpg,0
449,data/train\nevus\ISIC_0009297.jpg,0
450,data/train\nevus\ISIC_0009298.jpg,0
451,data/train\nevus\ISIC_0009344.jpg,0
452,data/train\nevus\ISIC_0009430.jpg,0
453,data/train\nevus\ISIC_0009504.jpg,0
454,data/train\nevus\ISIC_0009533.jpg,0
455,data/train\nevus\ISIC_0009564.jpg,0
456,data/train\nevus\ISIC_0009583.jpg,0
457,data/train\nevus\ISIC_0009599.jpg,0
458,data/train\nevus\ISIC_0009758.jpg,0
459,data/train\nevus\ISIC_0009860.jpg,0
460,data/train\nevus\ISIC_0009869.jpg,0
461,data/train\nevus\ISIC_0009870.jpg,0
462,data/train\nevus\ISIC_0009871.jpg,0
463,data/train\nevus\ISIC_0009872.jpg,0
464,data/train\nevus\ISIC_0009873.jpg,0
465,data/train\nevus\ISIC_0009874.jpg,0
466,data/train\nevus\ISIC_0009875.jpg,0
467,data/train\nevus\ISIC_0009877.jpg,0
468,data/train\nevus\ISIC_0009879.jpg,0
469,data/train\nevus\ISIC_0009880.jpg,0
470,data/train\nevus\ISIC_0009881.jpg,0
471,data/train\nevus\ISIC_0009883.jpg,0
472,data/train\nevus\ISIC_0009884.jpg,0
473,data/train\nevus\ISIC_0009885.jpg,0
474,data/train\nevus\ISIC_0009888.jpg,0
475,data/train\nevus\ISIC_0009889.jpg,0
476,data/train\nevus\ISIC_0009891.jpg,0
477,data/train\nevus\ISIC_0009895.jpg,0
478,data/train\nevus\ISIC_0009896.jpg,0
479,data/train\nevus\ISIC_0009899.jpg,0
480,data/train\nevus\ISIC_0009901.jpg,0
481,data/train\nevus\ISIC_0009902.jpg,0
482,data/train\nevus\ISIC_0009906.jpg,0
483,data/train\nevus\ISIC_0009909.jpg,0
484,data/train\nevus\ISIC_0009911.jpg,0
485,data/train\nevus\ISIC_0009912.jpg,0
486,data/train\nevus\ISIC_0009914.jpg,0
487,data/train\nevus\ISIC_0009915.jpg,0
488,data/train\nevus\ISIC_0009917.jpg,0
489,data/train\nevus\ISIC_0009919.jpg,0
490,data/train\nevus\ISIC_0009920.jpg,0
491,data/train\nevus\ISIC_0009921.jpg,0
492,data/train\nevus\ISIC_0009923.jpg,0
493,data/train\nevus\ISIC_0009925.jpg,0
494,data/train\nevus\ISIC_0009929.jpg,0
495,data/train\nevus\ISIC_0009930.jpg,0
496,data/train\nevus\ISIC_0009931.jpg,0
497,data/train\nevus\ISIC_0009932.jpg,0
498,data/train\nevus\ISIC_0009933.jpg,0
499,data/train\nevus\ISIC_0009935.jpg,0
500,data/train\nevus\ISIC_0009936.jpg,0
501,data/train\nevus\ISIC_0009937.jpg,0
502,data/train\nevus\ISIC_0009938.jpg,0
503,data/train\nevus\ISIC_0009939.jpg,0
504,data/train\nevus\ISIC_0009940.jpg,0
505,data/train\nevus\ISIC_0009941.jpg,0
506,data/train\nevus\ISIC_0009942.jpg,0
507,data/train\nevus\ISIC_0009943.jpg,0
508,data/train\nevus\ISIC_0009945.jpg,0
509,data/train\nevus\ISIC_0009946.jpg,0
510,data/train\nevus\ISIC_0009947.jpg,0
511,data/train\nevus\ISIC_0009949.jpg,0
512,data/train\nevus\ISIC_0009951.jpg,0
513,data/train\nevus\ISIC_0009953.jpg,0
514,data/train\nevus\ISIC_0009954.jpg,0
515,data/train\nevus\ISIC_0009956.jpg,0
516,data/train\nevus\ISIC_0009958.jpg,0
517,data/train\nevus\ISIC_0009961.jpg,0
518,data/train\nevus\ISIC_0009962.jpg,0
519,data/train\nevus\ISIC_0009963.jpg,0
520,data/train\nevus\ISIC_0009964.jpg,0
521,data/train\nevus\ISIC_0009965.jpg,0
522,data/train\nevus\ISIC_0009966.jpg,0
523,data/train\nevus\ISIC_0009967.jpg,0
524,data/train\nevus\ISIC_0009968.jpg,0
525,data/train\nevus\ISIC_0009969.jpg,0
526,data/train\nevus\ISIC_0009972.jpg,0
527,data/train\nevus\ISIC_0009973.jpg,0
528,data/train\nevus\ISIC_0009974.jpg,0
529,data/train\nevus\ISIC_0009975.jpg,0
530,data/train\nevus\ISIC_0009976.jpg,0
531,data/train\nevus\ISIC_0009977.jpg,0
532,data/train\nevus\ISIC_0009979.jpg,0
533,data/train\nevus\ISIC_0009981.jpg,0
534,data/train\nevus\ISIC_0009982.jpg,0
535,data/train\nevus\ISIC_0009987.jpg,0
536,data/train\nevus\ISIC_0009991.jpg,0
537,data/train\nevus\ISIC_0009994.jpg,0
538,data/train\nevus\ISIC_0009998.jpg,0
539,data/train\nevus\ISIC_0010002.jpg,0
540,data/train\nevus\ISIC_0010003.jpg,0
541,data/train\nevus\ISIC_0010005.jpg,0
542,data/train\nevus\ISIC_0010006.jpg,0
543,data/train\nevus\ISIC_0010013.jpg,0
544,data/train\nevus\ISIC_0010014.jpg,0
545,data/train\nevus\ISIC_0010015.jpg,0
546,data/train\nevus\ISIC_0010017.jpg,0
547,data/train\nevus\ISIC_0010018.jpg,0
548,data/train\nevus\ISIC_0010019.jpg,0
549,data/train\nevus\ISIC_0010020.jpg,0
550,data/train\nevus\ISIC_0010021.jpg,0
551,data/train\nevus\ISIC_0010022.jpg,0
552,data/train\nevus\ISIC_0010025.jpg,0
553,data/train\nevus\ISIC_0010028.jpg,0
554,data/train\nevus\ISIC_0010032.jpg,0
555,data/train\nevus\ISIC_0010040.jpg,0
556,data/train\nevus\ISIC_0010042.jpg,0
557,data/train\nevus\ISIC_0010043.jpg,0
558,data/train\nevus\ISIC_0010044.jpg,0
559,data/train\nevus\ISIC_0010046.jpg,0
560,data/train\nevus\ISIC_0010047.jpg,0
561,data/train\nevus\ISIC_0010051.jpg,0
562,data/train\nevus\ISIC_0010053.jpg,0
563,data/train\nevus\ISIC_0010055.jpg,0
564,data/train\nevus\ISIC_0010057.jpg,0
565,data/train\nevus\ISIC_0010058.jpg,0
566,data/train\nevus\ISIC_0010059.jpg,0
567,data/train\nevus\ISIC_0010060.jpg,0
568,data/train\nevus\ISIC_0010061.jpg,0
569,data/train\nevus\ISIC_0010062.jpg,0
570,data/train\nevus\ISIC_0010063.jpg,0
571,data/train\nevus\ISIC_0010064.jpg,0
572,data/train\nevus\ISIC_0010066.jpg,0
573,data/train\nevus\ISIC_0010069.jpg,0
574,data/train\nevus\ISIC_0010070.jpg,0
575,data/train\nevus\ISIC_0010074.jpg,0
576,data/train\nevus\ISIC_0010075.jpg,0
577,data/train\nevus\ISIC_0010077.jpg,0
578,data/train\nevus\ISIC_0010078.jpg,0
579,data/train\nevus\ISIC_0010086.jpg,0
580,data/train\nevus\ISIC_0010087.jpg,0
581,data/train\nevus\ISIC_0010088.jpg,0
582,data/train\nevus\ISIC_0010090.jpg,0
583,data/train\nevus\ISIC_0010092.jpg,0
584,data/train\nevus\ISIC_0010093.jpg,0
585,data/train\nevus\ISIC_0010100.jpg,0
586,data/train\nevus\ISIC_0010102.jpg,0
587,data/train\nevus\ISIC_0010104.jpg,0
588,data/train\nevus\ISIC_0010105.jpg,0
589,data/train\nevus\ISIC_0010168.jpg,0
590,data/train\nevus\ISIC_0010170.jpg,0
591,data/train\nevus\ISIC_0010173.jpg,0
592,data/train\nevus\ISIC_0010176.jpg,0
593,data/train\nevus\ISIC_0010177.jpg,0
594,data/train\nevus\ISIC_0010178.jpg,0
595,data/train\nevus\ISIC_0010180.jpg,0
596,data/train\nevus\ISIC_0010182.jpg,0
597,data/train\nevus\ISIC_0010184.jpg,0
598,data/train\nevus\ISIC_0010185.jpg,0
599,data/train\nevus\ISIC_0010186.jpg,0
600,data/train\nevus\ISIC_0010187.jpg,0
601,data/train\nevus\ISIC_0010191.jpg,0
602,data/train\nevus\ISIC_0010192.jpg,0
603,data/train\nevus\ISIC_0010193.jpg,0
604,data/train\nevus\ISIC_0010201.jpg,0
605,data/train\nevus\ISIC_0010202.jpg,0
606,data/train\nevus\ISIC_0010205.jpg,0
607,data/train\nevus\ISIC_0010206.jpg,0
608,data/train\nevus\ISIC_0010212.jpg,0
609,data/train\nevus\ISIC_0010213.jpg,0
610,data/train\nevus\ISIC_0010215.jpg,0
611,data/train\nevus\ISIC_0010216.jpg,0
612,data/train\nevus\ISIC_0010219.jpg,0
613,data/train\nevus\ISIC_0010220.jpg,0
614,data/train\nevus\ISIC_0010222.jpg,0
615,data/train\nevus\ISIC_0010227.jpg,0
616,data/train\nevus\ISIC_0010229.jpg,0
617,data/train\nevus\ISIC_0010233.jpg,0
618,data/train\nevus\ISIC_0010234.jpg,0
619,data/train\nevus\ISIC_0010236.jpg,0
620,data/train\nevus\ISIC_0010237.jpg,0
621,data/train\nevus\ISIC_0010244.jpg,0
622,data/train\nevus\ISIC_0010246.jpg,0
623,data/train\nevus\ISIC_0010247.jpg,0
624,data/train\nevus\ISIC_0010248.jpg,0
625,data/train\nevus\ISIC_0010249.jpg,0
626,data/train\nevus\ISIC_0010254.jpg,0
627,data/train\nevus\ISIC_0010255.jpg,0
628,data/train\nevus\ISIC_0010256.jpg,0
629,data/train\nevus\ISIC_0010257.jpg,0
630,data/train\nevus\ISIC_0010261.jpg,0
631,data/train\nevus\ISIC_0010262.jpg,0
632,data/train\nevus\ISIC_0010264.jpg,0
633,data/train\nevus\ISIC_0010317.jpg,0
634,data/train\nevus\ISIC_0010318.jpg,0
635,data/train\nevus\ISIC_0010320.jpg,0
636,data/train\nevus\ISIC_0010326.jpg,0
637,data/train\nevus\ISIC_0010327.jpg,0
638,data/train\nevus\ISIC_0010330.jpg,0
639,data/train\nevus\ISIC_0010332.jpg,0
640,data/train\nevus\ISIC_0010333.jpg,0
641,data/train\nevus\ISIC_0010334.jpg,0
642,data/train\nevus\ISIC_0010336.jpg,0
643,data/train\nevus\ISIC_0010337.jpg,0
644,data/train\nevus\ISIC_0010339.jpg,0
645,data/train\nevus\ISIC_0010340.jpg,0
646,data/train\nevus\ISIC_0010341.jpg,0
647,data/train\nevus\ISIC_0010342.jpg,0
648,data/train\nevus\ISIC_0010344.jpg,0
649,data/train\nevus\ISIC_0010346.jpg,0
650,data/train\nevus\ISIC_0010348.jpg,0
651,data/train\nevus\ISIC_0010351.jpg,0
652,data/train\nevus\ISIC_0010356.jpg,0
653,data/train\nevus\ISIC_0010357.jpg,0
654,data/train\nevus\ISIC_0010362.jpg,0
655,data/train\nevus\ISIC_0010365.jpg,0
656,data/train\nevus\ISIC_0010367.jpg,0
657,data/train\nevus\ISIC_0010368.jpg,0
658,data/train\nevus\ISIC_0010370.jpg,0
659,data/train\nevus\ISIC_0010371.jpg,0
660,data/train\nevus\ISIC_0010374.jpg,0
661,data/train\nevus\ISIC_0010382.jpg,0
662,data/train\nevus\ISIC_0010435.jpg,0
663,data/train\nevus\ISIC_0010442.jpg,0
664,data/train\nevus\ISIC_0010443.jpg,0
665,data/train\nevus\ISIC_0010444.jpg,0
666,data/train\nevus\ISIC_0010447.jpg,0
667,data/train\nevus\ISIC_0010448.jpg,0
668,data/train\nevus\ISIC_0010449.jpg,0
669,data/train\nevus\ISIC_0010452.jpg,0
670,data/train\nevus\ISIC_0010455.jpg,0
671,data/train\nevus\ISIC_0010456.jpg,0
672,data/train\nevus\ISIC_0010458.jpg,0
673,data/train\nevus\ISIC_0010460.jpg,0
674,data/train\nevus\ISIC_0010461.jpg,0
675,data/train\nevus\ISIC_0010463.jpg,0
676,data/train\nevus\ISIC_0010465.jpg,0
677,data/train\nevus\ISIC_0010467.jpg,0
678,data/train\nevus\ISIC_0010471.jpg,0
679,data/train\nevus\ISIC_0010472.jpg,0
680,data/train\nevus\ISIC_0010473.jpg,0
681,data/train\nevus\ISIC_0010474.jpg,0
682,data/train\nevus\ISIC_0010475.jpg,0
683,data/train\nevus\ISIC_0010477.jpg,0
684,data/train\nevus\ISIC_0010479.jpg,0
685,data/train\nevus\ISIC_0010480.jpg,0
686,data/train\nevus\ISIC_0010481.jpg,0
687,data/train\nevus\ISIC_0010483.jpg,0
688,data/train\nevus\ISIC_0010487.jpg,0
689,data/train\nevus\ISIC_0010488.jpg,0
690,data/train\nevus\ISIC_0010490.jpg,0
691,data/train\nevus\ISIC_0010492.jpg,0
692,data/train\nevus\ISIC_0010493.jpg,0
693,data/train\nevus\ISIC_0010494.jpg,0
694,data/train\nevus\ISIC_0010497.jpg,0
695,data/train\nevus\ISIC_0010498.jpg,0
696,data/train\nevus\ISIC_0010552.jpg,0
697,data/train\nevus\ISIC_0010553.jpg,0
698,data/train\nevus\ISIC_0010554.jpg,0
699,data/train\nevus\ISIC_0010557.jpg,0
700,data/train\nevus\ISIC_0010558.jpg,0
701,data/train\nevus\ISIC_0010562.jpg,0
702,data/train\nevus\ISIC_0010565.jpg,0
703,data/train\nevus\ISIC_0010566.jpg,0
704,data/train\nevus\ISIC_0010567.jpg,0
705,data/train\nevus\ISIC_0010568.jpg,0
706,data/train\nevus\ISIC_0010569.jpg,0
707,data/train\nevus\ISIC_0010570.jpg,0
708,data/train\nevus\ISIC_0010571.jpg,0
709,data/train\nevus\ISIC_0010573.jpg,0
710,data/train\nevus\ISIC_0010574.jpg,0
711,data/train\nevus\ISIC_0010575.jpg,0
712,data/train\nevus\ISIC_0010581.jpg,0
713,data/train\nevus\ISIC_0010582.jpg,0
714,data/train\nevus\ISIC_0010584.jpg,0
715,data/train\nevus\ISIC_0010585.jpg,0
716,data/train\nevus\ISIC_0010586.jpg,0
717,data/train\nevus\ISIC_0010588.jpg,0
718,data/train\nevus\ISIC_0010589.jpg,0
719,data/train\nevus\ISIC_0010590.jpg,0
720,data/train\nevus\ISIC_0010592.jpg,0
721,data/train\nevus\ISIC_0010593.jpg,0
722,data/train\nevus\ISIC_0010595.jpg,0
723,data/train\nevus\ISIC_0010598.jpg,0
724,data/train\nevus\ISIC_0010599.jpg,0
725,data/train\nevus\ISIC_0010602.jpg,0
726,data/train\nevus\ISIC_0010603.jpg,0
727,data/train\nevus\ISIC_0010606.jpg,0
728,data/train\nevus\ISIC_0010607.jpg,0
729,data/train\nevus\ISIC_0010844.jpg,0
730,data/train\nevus\ISIC_0010846.jpg,0
731,data/train\nevus\ISIC_0010847.jpg,0
732,data/train\nevus\ISIC_0010848.jpg,0
733,data/train\nevus\ISIC_0010850.jpg,0
734,data/train\nevus\ISIC_0010851.jpg,0
735,data/train\nevus\ISIC_0010853.jpg,0
736,data/train\nevus\ISIC_0010854.jpg,0
737,data/train\nevus\ISIC_0010856.jpg,0
738,data/train\nevus\ISIC_0010857.jpg,0
739,data/train\nevus\ISIC_0010858.jpg,0
740,data/train\nevus\ISIC_0010861.jpg,0
741,data/train\nevus\ISIC_0010864.jpg,0
742,data/train\nevus\ISIC_0011079.jpg,0
743,data/train\nevus\ISIC_0011082.jpg,0
744,data/train\nevus\ISIC_0011083.jpg,0
745,data/train\nevus\ISIC_0011085.jpg,0
746,data/train\nevus\ISIC_0011088.jpg,0
747,data/train\nevus\ISIC_0011089.jpg,0
748,data/train\nevus\ISIC_0011090.jpg,0
749,data/train\nevus\ISIC_0011097.jpg,0
750,data/train\nevus\ISIC_0011098.jpg,0
751,data/train\nevus\ISIC_0011101.jpg,0
752,data/train\nevus\ISIC_0011102.jpg,0
753,data/train\nevus\ISIC_0011107.jpg,0
754,data/train\nevus\ISIC_0011110.jpg,0
755,data/train\nevus\ISIC_0011114.jpg,0
756,data/train\nevus\ISIC_0011115.jpg,0
757,data/train\nevus\ISIC_0011117.jpg,0
758,data/train\nevus\ISIC_0011119.jpg,0
759,data/train\nevus\ISIC_0011123.jpg,0
760,data/train\nevus\ISIC_0011124.jpg,0
761,data/train\nevus\ISIC_0011127.jpg,0
762,data/train\nevus\ISIC_0011131.jpg,0
763,data/train\nevus\ISIC_0011143.jpg,0
764,data/train\nevus\ISIC_0011144.jpg,0
765,data/train\nevus\ISIC_0011145.jpg,0
766,data/train\nevus\ISIC_0011146.jpg,0
767,data/train\nevus\ISIC_0011155.jpg,0
768,data/train\nevus\ISIC_0011157.jpg,0
769,data/train\nevus\ISIC_0011159.jpg,0
770,data/train\nevus\ISIC_0011162.jpg,0
771,data/train\nevus\ISIC_0011164.jpg,0
772,data/train\nevus\ISIC_0011165.jpg,0
773,data/train\nevus\ISIC_0011167.jpg,0
774,data/train\nevus\ISIC_0011168.jpg,0
775,data/train\nevus\ISIC_0011170.jpg,0
776,data/train\nevus\ISIC_0011171.jpg,0
777,data/train\nevus\ISIC_0011173.jpg,0
778,data/train\nevus\ISIC_0011177.jpg,0
779,data/train\nevus\ISIC_0011199.jpg,0
780,data/train\nevus\ISIC_0011203.jpg,0
781,data/train\nevus\ISIC_0011204.jpg,0
782,data/train\nevus\ISIC_0011205.jpg,0
783,data/train\nevus\ISIC_0011207.jpg,0
784,data/train\nevus\ISIC_0011208.jpg,0
785,data/train\nevus\ISIC_0011211.jpg,0
786,data/train\nevus\ISIC_0011212.jpg,0
787,data/train\nevus\ISIC_0011213.jpg,0
788,data/train\nevus\ISIC_0011214.jpg,0
789,data/train\nevus\ISIC_0011215.jpg,0
790,data/train\nevus\ISIC_0011217.jpg,0
791,data/train\nevus\ISIC_0011218.jpg,0
792,data/train\nevus\ISIC_0011219.jpg,0
793,data/train\nevus\ISIC_0011220.jpg,0
794,data/train\nevus\ISIC_0011223.jpg,0
795,data/train\nevus\ISIC_0011224.jpg,0
796,data/train\nevus\ISIC_0011225.jpg,0
797,data/train\nevus\ISIC_0011227.jpg,0
798,data/train\nevus\ISIC_0011229.jpg,0
799,data/train\nevus\ISIC_0011230.jpg,0
800,data/train\nevus\ISIC_0011292.jpg,0
801,data/train\nevus\ISIC_0011294.jpg,0
802,data/train\nevus\ISIC_0011296.jpg,0
803,data/train\nevus\ISIC_0011297.jpg,0
804,data/train\nevus\ISIC_0011298.jpg,0
805,data/train\nevus\ISIC_0011300.jpg,0
806,data/train\nevus\ISIC_0011303.jpg,0
807,data/train\nevus\ISIC_0011304.jpg,0
808,data/train\nevus\ISIC_0011306.jpg,0
809,data/train\nevus\ISIC_0011310.jpg,0
810,data/train\nevus\ISIC_0011317.jpg,0
811,data/train\nevus\ISIC_0011321.jpg,0
812,data/train\nevus\ISIC_0011322.jpg,0
813,data/train\nevus\ISIC_0011324.jpg,0
814,data/train\nevus\ISIC_0011326.jpg,0
815,data/train\nevus\ISIC_0011327.jpg,0
816,data/train\nevus\ISIC_0011328.jpg,0
817,data/train\nevus\ISIC_0011330.jpg,0
818,data/train\nevus\ISIC_0011333.jpg,0
819,data/train\nevus\ISIC_0011336.jpg,0
820,data/train\nevus\ISIC_0011338.jpg,0
821,data/train\nevus\ISIC_0011339.jpg,0
822,data/train\nevus\ISIC_0011343.jpg,0
823,data/train\nevus\ISIC_0011345.jpg,0
824,data/train\nevus\ISIC_0011347.jpg,0
825,data/train\nevus\ISIC_0011352.jpg,0
826,data/train\nevus\ISIC_0011353.jpg,0
827,data/train\nevus\ISIC_0011358.jpg,0
828,data/train\nevus\ISIC_0011359.jpg,0
829,data/train\nevus\ISIC_0011361.jpg,0
830,data/train\nevus\ISIC_0011362.jpg,0
831,data/train\nevus\ISIC_0011363.jpg,0
832,data/train\nevus\ISIC_0011367.jpg,0
833,data/train\nevus\ISIC_0011372.jpg,0
834,data/train\nevus\ISIC_0011382.jpg,0
835,data/train\nevus\ISIC_0011384.jpg,0
836,data/train\nevus\ISIC_0011386.jpg,0
837,data/train\nevus\ISIC_0011393.jpg,0
838,data/train\nevus\ISIC_0011397.jpg,0
839,data/train\nevus\ISIC_0011398.jpg,0
840,data/train\nevus\ISIC_0011402.jpg,0
841,data/train\nevus\ISIC_0012089.jpg,0
842,data/train\nevus\ISIC_0012094.jpg,0
843,data/train\nevus\ISIC_0012097.jpg,0
844,data/train\nevus\ISIC_0012102.jpg,0
845,data/train\nevus\ISIC_0012105.jpg,0
846,data/train\nevus\ISIC_0012107.jpg,0
847,data/train\nevus\ISIC_0012108.jpg,0
848,data/train\nevus\ISIC_0012116.jpg,0
849,data/train\nevus\ISIC_0012118.jpg,0
850,data/train\nevus\ISIC_0012135.jpg,0
851,data/train\nevus\ISIC_0012141.jpg,0
852,data/train\nevus\ISIC_0012148.jpg,0
853,data/train\nevus\ISIC_0012150.jpg,0
854,data/train\nevus\ISIC_0012156.jpg,0
855,data/train\nevus\ISIC_0012164.jpg,0
856,data/train\nevus\ISIC_0012167.jpg,0
857,data/train\nevus\ISIC_0012175.jpg,0
858,data/train\nevus\ISIC_0012177.jpg,0
859,data/train\nevus\ISIC_0012179.jpg,0
860,data/train\nevus\ISIC_0012182.jpg,0
861,data/train\nevus\ISIC_0012187.jpg,0
862,data/train\nevus\ISIC_0012203.jpg,0
863,data/train\nevus\ISIC_0012205.jpg,0
864,data/train\nevus\ISIC_0012209.jpg,0
865,data/train\nevus\ISIC_0012211.jpg,0
866,data/train\nevus\ISIC_0012212.jpg,0
867,data/train\nevus\ISIC_0012213.jpg,0
868,data/train\nevus\ISIC_0012228.jpg,0
869,data/train\nevus\ISIC_0012230.jpg,0
870,data/train\nevus\ISIC_0012232.jpg,0
871,data/train\nevus\ISIC_0012233.jpg,0
872,data/train\nevus\ISIC_0012235.jpg,0
873,data/train\nevus\ISIC_0012246.jpg,0
874,data/train\nevus\ISIC_0012250.jpg,0
875,data/train\nevus\ISIC_0012253.jpg,0
876,data/train\nevus\ISIC_0012257.jpg,0
877,data/train\nevus\ISIC_0012259.jpg,0
878,data/train\nevus\ISIC_0012260.jpg,0
879,data/train\nevus\ISIC_0012261.jpg,0
880,data/train\nevus\ISIC_0012263.jpg,0
881,data/train\nevus\ISIC_0012268.jpg,0
882,data/train\nevus\ISIC_0012271.jpg,0
883,data/train\nevus\ISIC_0012274.jpg,0
884,data/train\nevus\ISIC_0012278.jpg,0
885,data/train\nevus\ISIC_0012281.jpg,0
886,data/train\nevus\ISIC_0012284.jpg,0
887,data/train\nevus\ISIC_0012285.jpg,0
888,data/train\nevus\ISIC_0012303.jpg,0
889,data/train\nevus\ISIC_0012309.jpg,0
890,data/train\nevus\ISIC_0012311.jpg,0
891,data/train\nevus\ISIC_0012318.jpg,0
892,data/train\nevus\ISIC_0012320.jpg,0
893,data/train\nevus\ISIC_0012322.jpg,0
894,data/train\nevus\ISIC_0012324.jpg,0
895,data/train\nevus\ISIC_0012325.jpg,0
896,data/train\nevus\ISIC_0012332.jpg,0
897,data/train\nevus\ISIC_0012333.jpg,0
898,data/train\nevus\ISIC_0012334.jpg,0
899,data/train\nevus\ISIC_0012338.jpg,0
900,data/train\nevus\ISIC_0012339.jpg,0
901,data/train\nevus\ISIC_0012351.jpg,0
902,data/train\nevus\ISIC_0012360.jpg,0
903,data/train\nevus\ISIC_0012363.jpg,0
904,data/train\nevus\ISIC_0012374.jpg,0
905,data/train\nevus\ISIC_0012376.jpg,0
906,data/train\nevus\ISIC_0012378.jpg,0
907,data/train\nevus\ISIC_0012381.jpg,0
908,data/train\nevus\ISIC_0012384.jpg,0
909,data/train\nevus\ISIC_0012406.jpg,0
910,data/train\nevus\ISIC_0012413.jpg,0
911,data/train\nevus\ISIC_0012442.jpg,0
912,data/train\nevus\ISIC_0012445.jpg,0
913,data/train\nevus\ISIC_0012453.jpg,0
914,data/train\nevus\ISIC_0012460.jpg,0
915,data/train\nevus\ISIC_0012464.jpg,0
916,data/train\nevus\ISIC_0012481.jpg,0
917,data/train\nevus\ISIC_0012487.jpg,0
918,data/train\nevus\ISIC_0012489.jpg,0
919,data/train\nevus\ISIC_0012494.jpg,0
920,data/train\nevus\ISIC_0012495.jpg,0
921,data/train\nevus\ISIC_0012496.jpg,0
922,data/train\nevus\ISIC_0012503.jpg,0
923,data/train\nevus\ISIC_0012506.jpg,0
924,data/train\nevus\ISIC_0012508.jpg,0
925,data/train\nevus\ISIC_0012511.jpg,0
926,data/train\nevus\ISIC_0012518.jpg,0
927,data/train\nevus\ISIC_0012520.jpg,0
928,data/train\nevus\ISIC_0012521.jpg,0
929,data/train\nevus\ISIC_0012523.jpg,0
930,data/train\nevus\ISIC_0012526.jpg,0
931,data/train\nevus\ISIC_0012529.jpg,0
932,data/train\nevus\ISIC_0012539.jpg,0
933,data/train\nevus\ISIC_0012544.jpg,0
934,data/train\nevus\ISIC_0012549.jpg,0
935,data/train\nevus\ISIC_0012550.jpg,0
936,data/train\nevus\ISIC_0012653.jpg,0
937,data/train\nevus\ISIC_0012655.jpg,0
938,data/train\nevus\ISIC_0012657.jpg,0
939,data/train\nevus\ISIC_0012658.jpg,0
940,data/train\nevus\ISIC_0012659.jpg,0
941,data/train\nevus\ISIC_0012662.jpg,0
942,data/train\nevus\ISIC_0012663.jpg,0
943,data/train\nevus\ISIC_0012664.jpg,0
944,data/train\nevus\ISIC_0012665.jpg,0
945,data/train\nevus\ISIC_0012669.jpg,0
946,data/train\nevus\ISIC_0012670.jpg,0
947,data/train\nevus\ISIC_0012671.jpg,0
948,data/train\nevus\ISIC_0012672.jpg,0
949,data/train\nevus\ISIC_0012673.jpg,0
950,data/train\nevus\ISIC_0012674.jpg,0
951,data/train\nevus\ISIC_0012675.jpg,0
952,data/train\nevus\ISIC_0012676.jpg,0
953,data/train\nevus\ISIC_0012677.jpg,0
954,data/train\nevus\ISIC_0012679.jpg,0
955,data/train\nevus\ISIC_0012680.jpg,0
956,data/train\nevus\ISIC_0012681.jpg,0
957,data/train\nevus\ISIC_0012682.jpg,0
958,data/train\nevus\ISIC_0012683.jpg,0
959,data/train\nevus\ISIC_0012685.jpg,0
960,data/train\nevus\ISIC_0012690.jpg,0
961,data/train\nevus\ISIC_0012692.jpg,0
962,data/train\nevus\ISIC_0012699.jpg,0
963,data/train\nevus\ISIC_0012700.jpg,0
964,data/train\nevus\ISIC_0012702.jpg,0
965,data/train\nevus\ISIC_0012706.jpg,0
966,data/train\nevus\ISIC_0012709.jpg,0
967,data/train\nevus\ISIC_0012710.jpg,0
968,data/train\nevus\ISIC_0012711.jpg,0
969,data/train\nevus\ISIC_0012713.jpg,0
970,data/train\nevus\ISIC_0012721.jpg,0
971,data/train\nevus\ISIC_0012725.jpg,0
972,data/train\nevus\ISIC_0012726.jpg,0
973,data/train\nevus\ISIC_0012735.jpg,0
974,data/train\nevus\ISIC_0012737.jpg,0
975,data/train\nevus\ISIC_0012739.jpg,0
976,data/train\nevus\ISIC_0012740.jpg,0
977,data/train\nevus\ISIC_0012741.jpg,0
978,data/train\nevus\ISIC_0012742.jpg,0
979,data/train\nevus\ISIC_0012744.jpg,0
980,data/train\nevus\ISIC_0012768.jpg,0
981,data/train\nevus\ISIC_0012770.jpg,0
982,data/train\nevus\ISIC_0012777.jpg,0
983,data/train\nevus\ISIC_0012787.jpg,0
984,data/train\nevus\ISIC_0012788.jpg,0
985,data/train\nevus\ISIC_0012789.jpg,0
986,data/train\nevus\ISIC_0012793.jpg,0
987,data/train\nevus\ISIC_0012804.jpg,0
988,data/train\nevus\ISIC_0012806.jpg,0
989,data/train\nevus\ISIC_0012814.jpg,0
990,data/train\nevus\ISIC_0012823.jpg,0
991,data/train\nevus\ISIC_0012826.jpg,0
992,data/train\nevus\ISIC_0012827.jpg,0
993,data/train\nevus\ISIC_0012835.jpg,0
994,data/train\nevus\ISIC_0012844.jpg,0
995,data/train\nevus\ISIC_0012855.jpg,0
996,data/train\nevus\ISIC_0012865.jpg,0
997,data/train\nevus\ISIC_0012871.jpg,0
998,data/train\nevus\ISIC_0012873.jpg,0
999,data/train\nevus\ISIC_0012877.jpg,0
1000,data/train\nevus\ISIC_0012878.jpg,0
1001,data/train\nevus\ISIC_0012879.jpg,0
1002,data/train\nevus\ISIC_0012883.jpg,0
1003,data/train\nevus\ISIC_0012888.jpg,0
1004,data/train\nevus\ISIC_0012891.jpg,0
1005,data/train\nevus\ISIC_0012897.jpg,0
1006,data/train\nevus\ISIC_0012901.jpg,0
1007,data/train\nevus\ISIC_0012905.jpg,0
1008,data/train\nevus\ISIC_0012907.jpg,0
1009,data/train\nevus\ISIC_0012911.jpg,0
1010,data/train\nevus\ISIC_0012939.jpg,0
1011,data/train\nevus\ISIC_0012940.jpg,0
1012,data/train\nevus\ISIC_0012944.jpg,0
1013,data/train\nevus\ISIC_0012945.jpg,0
1014,data/train\nevus\ISIC_0012949.jpg,0
1015,data/train\nevus\ISIC_0012950.jpg,0
1016,data/train\nevus\ISIC_0012957.jpg,0
1017,data/train\nevus\ISIC_0012961.jpg,0
1018,data/train\nevus\ISIC_0012966.jpg,0
1019,data/train\nevus\ISIC_0012969.jpg,0
1020,data/train\nevus\ISIC_0012970.jpg,0
1021,data/train\nevus\ISIC_0012976.jpg,0
1022,data/train\nevus\ISIC_0012981.jpg,0
1023,data/train\nevus\ISIC_0012982.jpg,0
1024,data/train\nevus\ISIC_0012987.jpg,0
1025,data/train\nevus\ISIC_0012999.jpg,0
1026,data/train\nevus\ISIC_0013000.jpg,0
1027,data/train\nevus\ISIC_0013001.jpg,0
1028,data/train\nevus\ISIC_0013007.jpg,0
1029,data/train\nevus\ISIC_0013012.jpg,0
1030,data/train\nevus\ISIC_0013015.jpg,0
1031,data/train\nevus\ISIC_0013023.jpg,0
1032,data/train\nevus\ISIC_0013024.jpg,0
1033,data/train\nevus\ISIC_0013025.jpg,0
1034,data/train\nevus\ISIC_0013026.jpg,0
1035,data/train\nevus\ISIC_0013027.jpg,0
1036,data/train\nevus\ISIC_0013031.jpg,0
1037,data/train\nevus\ISIC_0013032.jpg,0
1038,data/train\nevus\ISIC_0013037.jpg,0
1039,data/train\nevus\ISIC_0013039.jpg,0
1040,data/train\nevus\ISIC_0013044.jpg,0
1041,data/train\nevus\ISIC_0013047.jpg,0
1042,data/train\nevus\ISIC_0013048.jpg,0
1043,data/train\nevus\ISIC_0013053.jpg,0
1044,data/train\nevus\ISIC_0013055.jpg,0
1045,data/train\nevus\ISIC_0013071.jpg,0
1046,data/train\nevus\ISIC_0013075.jpg,0
1047,data/train\nevus\ISIC_0013080.jpg,0
1048,data/train\nevus\ISIC_0013084.jpg,0
1049,data/train\nevus\ISIC_0013086.jpg,0
1050,data/train\nevus\ISIC_0013087.jpg,0
1051,data/train\nevus\ISIC_0013090.jpg,0
1052,data/train\nevus\ISIC_0013094.jpg,0
1053,data/train\nevus\ISIC_0013096.jpg,0
1054,data/train\nevus\ISIC_0013097.jpg,0
1055,data/train\nevus\ISIC_0013106.jpg,0
1056,data/train\nevus\ISIC_0013112.jpg,0
1057,data/train\nevus\ISIC_0013114.jpg,0
1058,data/train\nevus\ISIC_0013118.jpg,0
1059,data/train\nevus\ISIC_0013120.jpg,0
1060,data/train\nevus\ISIC_0013121.jpg,0
1061,data/train\nevus\ISIC_0013124.jpg,0
1062,data/train\nevus\ISIC_0013126.jpg,0
1063,data/train\nevus\ISIC_0013136.jpg,0
1064,data/train\nevus\ISIC_0013140.jpg,0
1065,data/train\nevus\ISIC_0013147.jpg,0
1066,data/train\nevus\ISIC_0013155.jpg,0
1067,data/train\nevus\ISIC_0013163.jpg,0
1068,data/train\nevus\ISIC_0013172.jpg,0
1069,data/train\nevus\ISIC_0013173.jpg,0
1070,data/train\nevus\ISIC_0013181.jpg,0
1071,data/train\nevus\ISIC_0013187.jpg,0
1072,data/train\nevus\ISIC_0013190.jpg,0
1073,data/train\nevus\ISIC_0013192.jpg,0
1074,data/train\nevus\ISIC_0013193.jpg,0
1075,data/train\nevus\ISIC_0013196.jpg,0
1076,data/train\nevus\ISIC_0013197.jpg,0
1077,data/train\nevus\ISIC_0013201.jpg,0
1078,data/train\nevus\ISIC_0013204.jpg,0
1079,data/train\nevus\ISIC_0013205.jpg,0
1080,data/train\nevus\ISIC_0013207.jpg,0
1081,data/train\nevus\ISIC_0013208.jpg,0
1082,data/train\nevus\ISIC_0013212.jpg,0
1083,data/train\nevus\ISIC_0013213.jpg,0
1084,data/train\nevus\ISIC_0013217.jpg,0
1085,data/train\nevus\ISIC_0013219.jpg,0
1086,data/train\nevus\ISIC_0013220.jpg,0
1087,data/train\nevus\ISIC_0013222.jpg,0
1088,data/train\nevus\ISIC_0013224.jpg,0
1089,data/train\nevus\ISIC_0013227.jpg,0
1090,data/train\nevus\ISIC_0013229.jpg,0
1091,data/train\nevus\ISIC_0013233.jpg,0
1092,data/train\nevus\ISIC_0013235.jpg,0
1093,data/train\nevus\ISIC_0013238.jpg,0
1094,data/train\nevus\ISIC_0013243.jpg,0
1095,data/train\nevus\ISIC_0013244.jpg,0
1096,data/train\nevus\ISIC_0013248.jpg,0
1097,data/train\nevus\ISIC_0013249.jpg,0
1098,data/train\nevus\ISIC_0013257.jpg,0
1099,data/train\nevus\ISIC_0013274.jpg,0
1100,data/train\nevus\ISIC_0013275.jpg,0
1101,data/train\nevus\ISIC_0013287.jpg,0
1102,data/train\nevus\ISIC_0013288.jpg,0
1103,data/train\nevus\ISIC_0013294.jpg,0
1104,data/train\nevus\ISIC_0013302.jpg,0
1105,data/train\nevus\ISIC_0013304.jpg,0
1106,data/train\nevus\ISIC_0013306.jpg,0
1107,data/train\nevus\ISIC_0013310.jpg,0
1108,data/train\nevus\ISIC_0013311.jpg,0
1109,data/train\nevus\ISIC_0013314.jpg,0
1110,data/train\nevus\ISIC_0013315.jpg,0
1111,data/train\nevus\ISIC_0013320.jpg,0
1112,data/train\nevus\ISIC_0013326.jpg,0
1113,data/train\nevus\ISIC_0013329.jpg,0
1114,data/train\nevus\ISIC_0013330.jpg,0
1115,data/train\nevus\ISIC_0013340.jpg,0
1116,data/train\nevus\ISIC_0013342.jpg,0
1117,data/train\nevus\ISIC_0013346.jpg,0
1118,data/train\nevus\ISIC_0013355.jpg,0
1119,data/train\nevus\ISIC_0013356.jpg,0
1120,data/train\nevus\ISIC_0013369.jpg,0
1121,data/train\nevus\ISIC_0013378.jpg,0
1122,data/train\nevus\ISIC_0013383.jpg,0
1123,data/train\nevus\ISIC_0013385.jpg,0
1124,data/train\nevus\ISIC_0013390.jpg,0
1125,data/train\nevus\ISIC_0013394.jpg,0
1126,data/train\nevus\ISIC_0013395.jpg,0
1127,data/train\nevus\ISIC_0013398.jpg,0
1128,data/train\nevus\ISIC_0013403.jpg,0
1129,data/train\nevus\ISIC_0013405.jpg,0
1130,data/train\nevus\ISIC_0013410.jpg,0
1131,data/train\nevus\ISIC_0013417.jpg,0
1132,data/train\nevus\ISIC_0013423.jpg,0
1133,data/train\nevus\ISIC_0013424.jpg,0
1134,data/train\nevus\ISIC_0013425.jpg,0
1135,data/train\nevus\ISIC_0013428.jpg,0
1136,data/train\nevus\ISIC_0013430.jpg,0
1137,data/train\nevus\ISIC_0013432.jpg,0
1138,data/train\nevus\ISIC_0013433.jpg,0
1139,data/train\nevus\ISIC_0013434.jpg,0
1140,data/train\nevus\ISIC_0013437.jpg,0
1141,data/train\nevus\ISIC_0013438.jpg,0
1142,data/train\nevus\ISIC_0013456.jpg,0
1143,data/train\nevus\ISIC_0013461.jpg,0
1144,data/train\nevus\ISIC_0013480.jpg,0
1145,data/train\nevus\ISIC_0013486.jpg,0
1146,data/train\nevus\ISIC_0013487.jpg,0
1147,data/train\nevus\ISIC_0013488.jpg,0
1148,data/train\nevus\ISIC_0013489.jpg,0
1149,data/train\nevus\ISIC_0013492.jpg,0
1150,data/train\nevus\ISIC_0013494.jpg,0
1151,data/train\nevus\ISIC_0013495.jpg,0
1152,data/train\nevus\ISIC_0013498.jpg,0
1153,data/train\nevus\ISIC_0013516.jpg,0
1154,data/train\nevus\ISIC_0013517.jpg,0
1155,data/train\nevus\ISIC_0013523.jpg,0
1156,data/train\nevus\ISIC_0013526.jpg,0
1157,data/train\nevus\ISIC_0013552.jpg,0
1158,data/train\nevus\ISIC_0013553.jpg,0
1159,data/train\nevus\ISIC_0013554.jpg,0
1160,data/train\nevus\ISIC_0013558.jpg,0
1161,data/train\nevus\ISIC_0013559.jpg,0
1162,data/train\nevus\ISIC_0013568.jpg,0
1163,data/train\nevus\ISIC_0013592.jpg,0
1164,data/train\nevus\ISIC_0013595.jpg,0
1165,data/train\nevus\ISIC_0013596.jpg,0
1166,data/train\nevus\ISIC_0013597.jpg,0
1167,data/train\nevus\ISIC_0013599.jpg,0
1168,data/train\nevus\ISIC_0013601.jpg,0
1169,data/train\nevus\ISIC_0013603.jpg,0
1170,data/train\nevus\ISIC_0013643.jpg,0
1171,data/train\nevus\ISIC_0013656.jpg,0
1172,data/train\nevus\ISIC_0013664.jpg,0
1173,data/train\nevus\ISIC_0013670.jpg,0
1174,data/train\nevus\ISIC_0013675.jpg,0
1175,data/train\nevus\ISIC_0013676.jpg,0
1176,data/train\nevus\ISIC_0013688.jpg,0
1177,data/train\nevus\ISIC_0013689.jpg,0
1178,data/train\nevus\ISIC_0013690.jpg,0
1179,data/train\nevus\ISIC_0013695.jpg,0
1180,data/train\nevus\ISIC_0013712.jpg,0
1181,data/train\nevus\ISIC_0013713.jpg,0
1182,data/train\nevus\ISIC_0013719.jpg,0
1183,data/train\nevus\ISIC_0013721.jpg,0
1184,data/train\nevus\ISIC_0013737.jpg,0
1185,data/train\nevus\ISIC_0013747.jpg,0
1186,data/train\nevus\ISIC_0013748.jpg,0
1187,data/train\nevus\ISIC_0013749.jpg,0
1188,data/train\nevus\ISIC_0013758.jpg,0
1189,data/train\nevus\ISIC_0013772.jpg,0
1190,data/train\nevus\ISIC_0013778.jpg,0
1191,data/train\nevus\ISIC_0013789.jpg,0
1192,data/train\nevus\ISIC_0013792.jpg,0
1193,data/train\nevus\ISIC_0013795.jpg,0
1194,data/train\nevus\ISIC_0013796.jpg,0
1195,data/train\nevus\ISIC_0013797.jpg,0
1196,data/train\nevus\ISIC_0013798.jpg,0
1197,data/train\nevus\ISIC_0013799.jpg,0
1198,data/train\nevus\ISIC_0013800.jpg,0
1199,data/train\nevus\ISIC_0013801.jpg,0
1200,data/train\nevus\ISIC_0013802.jpg,0
1201,data/train\nevus\ISIC_0013803.jpg,0
1202,data/train\nevus\ISIC_0013804.jpg,0
1203,data/train\nevus\ISIC_0013805.jpg,0
1204,data/train\nevus\ISIC_0013806.jpg,0
1205,data/train\nevus\ISIC_0013807.jpg,0
1206,data/train\nevus\ISIC_0013808.jpg,0
1207,data/train\nevus\ISIC_0013816.jpg,0
1208,data/train\nevus\ISIC_0013819.jpg,0
1209,data/train\nevus\ISIC_0013830.jpg,0
1210,data/train\nevus\ISIC_0013835.jpg,0
1211,data/train\nevus\ISIC_0013836.jpg,0
1212,data/train\nevus\ISIC_0013837.jpg,0
1213,data/train\nevus\ISIC_0013843.jpg,0
1214,data/train\nevus\ISIC_0013862.jpg,0
1215,data/train\nevus\ISIC_0013879.jpg,0
1216,data/train\nevus\ISIC_0013886.jpg,0
1217,data/train\nevus\ISIC_0013888.jpg,0
1218,data/train\nevus\ISIC_0013896.jpg,0
1219,data/train\nevus\ISIC_0013921.jpg,0
1220,data/train\nevus\ISIC_0013922.jpg,0
1221,data/train\nevus\ISIC_0013935.jpg,0
1222,data/train\nevus\ISIC_0013942.jpg,0
1223,data/train\nevus\ISIC_0013946.jpg,0
1224,data/train\nevus\ISIC_0013961.jpg,0
1225,data/train\nevus\ISIC_0013962.jpg,0
1226,data/train\nevus\ISIC_0013965.jpg,0
1227,data/train\nevus\ISIC_0013967.jpg,0
1228,data/train\nevus\ISIC_0013970.jpg,0
1229,data/train\nevus\ISIC_0013971.jpg,0
1230,data/train\nevus\ISIC_0013982.jpg,0
1231,data/train\nevus\ISIC_0013983.jpg,0
1232,data/train\nevus\ISIC_0013996.jpg,0
1233,data/train\nevus\ISIC_0014001.jpg,0
1234,data/train\nevus\ISIC_0014004.jpg,0
1235,data/train\nevus\ISIC_0014026.jpg,0
1236,data/train\nevus\ISIC_0014045.jpg,0
1237,data/train\nevus\ISIC_0014046.jpg,0
1238,data/train\nevus\ISIC_0014066.jpg,0
1239,data/train\nevus\ISIC_0014069.jpg,0
1240,data/train\nevus\ISIC_0014073.jpg,0
1241,data/train\nevus\ISIC_0014080.jpg,0
1242,data/train\nevus\ISIC_0014081.jpg,0
1243,data/train\nevus\ISIC_0014089.jpg,0
1244,data/train\nevus\ISIC_0014093.jpg,0
1245,data/train\nevus\ISIC_0014094.jpg,0
1246,data/train\nevus\ISIC_0014114.jpg,0
1247,data/train\nevus\ISIC_0014131.jpg,0
1248,data/train\nevus\ISIC_0014149.jpg,0
1249,data/train\nevus\ISIC_0014150.jpg,0
1250,data/train\nevus\ISIC_0014158.jpg,0
1251,data/train\nevus\ISIC_0014164.jpg,0
1252,data/train\nevus\ISIC_0014166.jpg,0
1253,data/train\nevus\ISIC_0014174.jpg,0
1254,data/train\nevus\ISIC_0014185.jpg,0
1255,data/train\nevus\ISIC_0014195.jpg,0
1256,data/train\nevus\ISIC_0014197.jpg,0
1257,data/train\nevus\ISIC_0014225.jpg,0
1258,data/train\nevus\ISIC_0014248.jpg,0
1259,data/train\nevus\ISIC_0014253.jpg,0
1260,data/train\nevus\ISIC_0014263.jpg,0
1261,data/train\nevus\ISIC_0014274.jpg,0
1262,data/train\nevus\ISIC_0014286.jpg,0
1263,data/train\nevus\ISIC_0014299.jpg,0
1264,data/train\nevus\ISIC_0014317.jpg,0
1265,data/train\nevus\ISIC_0014328.jpg,0
1266,data/train\nevus\ISIC_0014346.jpg,0
1267,data/train\nevus\ISIC_0014353.jpg,0
1268,data/train\nevus\ISIC_0014365.jpg,0
1269,data/train\nevus\ISIC_0014394.jpg,0
1270,data/train\nevus\ISIC_0014430.jpg,0
1271,data/train\nevus\ISIC_0014431.jpg,0
1272,data/train\nevus\ISIC_0014433.jpg,0
1273,data/train\nevus\ISIC_0014438.jpg,0
1274,data/train\nevus\ISIC_0014440.jpg,0
1275,data/train\nevus\ISIC_0014441.jpg,0
1276,data/train\nevus\ISIC_0014453.jpg,0
1277,data/train\nevus\ISIC_0014458.jpg,0
1278,data/train\nevus\ISIC_0014469.jpg,0
1279,data/train\nevus\ISIC_0014473.jpg,0
1280,data/train\nevus\ISIC_0014475.jpg,0
1281,data/train\nevus\ISIC_0014490.jpg,0
1282,data/train\nevus\ISIC_0014498.jpg,0
1283,data/train\nevus\ISIC_0014502.jpg,0
1284,data/train\nevus\ISIC_0014511.jpg,0
1285,data/train\nevus\ISIC_0014516.jpg,0
1286,data/train\nevus\ISIC_0014522.jpg,0
1287,data/train\nevus\ISIC_0014529.jpg,0
1288,data/train\nevus\ISIC_0014547.jpg,0
1289,data/train\nevus\ISIC_0014657.jpg,0
1290,data/train\nevus\ISIC_0014658.jpg,0
1291,data/train\nevus\ISIC_0014661.jpg,0
1292,data/train\nevus\ISIC_0014664.jpg,0
1293,data/train\nevus\ISIC_0014665.jpg,0
1294,data/train\nevus\ISIC_0014667.jpg,0
1295,data/train\nevus\ISIC_0014680.jpg,0
1296,data/train\nevus\ISIC_0014682.jpg,0
1297,data/train\nevus\ISIC_0014683.jpg,0
1298,data/train\nevus\ISIC_0014684.jpg,0
1299,data/train\nevus\ISIC_0014685.jpg,0
1300,data/train\nevus\ISIC_0014692.jpg,0
1301,data/train\nevus\ISIC_0014694.jpg,0
1302,data/train\nevus\ISIC_0014696.jpg,0
1303,data/train\nevus\ISIC_0014699.jpg,0
1304,data/train\nevus\ISIC_0014702.jpg,0
1305,data/train\nevus\ISIC_0014707.jpg,0
1306,data/train\nevus\ISIC_0014708.jpg,0
1307,data/train\nevus\ISIC_0014713.jpg,0
1308,data/train\nevus\ISIC_0014714.jpg,0
1309,data/train\nevus\ISIC_0014715.jpg,0
1310,data/train\nevus\ISIC_0014716.jpg,0
1311,data/train\nevus\ISIC_0014724.jpg,0
1312,data/train\nevus\ISIC_0014726.jpg,0
1313,data/train\nevus\ISIC_0014730.jpg,0
1314,data/train\nevus\ISIC_0014731.jpg,0
1315,data/train\nevus\ISIC_0014739.jpg,0
1316,data/train\nevus\ISIC_0014742.jpg,0
1317,data/train\nevus\ISIC_0014745.jpg,0
1318,data/train\nevus\ISIC_0014748.jpg,0
1319,data/train\nevus\ISIC_0014754.jpg,0
1320,data/train\nevus\ISIC_0014760.jpg,0
1321,data/train\nevus\ISIC_0014762.jpg,0
1322,data/train\nevus\ISIC_0014763.jpg,0
1323,data/train\nevus\ISIC_0014769.jpg,0
1324,data/train\nevus\ISIC_0014771.jpg,0
1325,data/train\nevus\ISIC_0014775.jpg,0
1326,data/train\nevus\ISIC_0014778.jpg,0
1327,data/train\nevus\ISIC_0014779.jpg,0
1328,data/train\nevus\ISIC_0014782.jpg,0
1329,data/train\nevus\ISIC_0014783.jpg,0
1330,data/train\nevus\ISIC_0014785.jpg,0
1331,data/train\nevus\ISIC_0014791.jpg,0
1332,data/train\nevus\ISIC_0014794.jpg,0
1333,data/train\nevus\ISIC_0014797.jpg,0
1334,data/train\nevus\ISIC_0014802.jpg,0
1335,data/train\nevus\ISIC_0014803.jpg,0
1336,data/train\nevus\ISIC_0014805.jpg,0
1337,data/train\nevus\ISIC_0014808.jpg,0
1338,data/train\nevus\ISIC_0014812.jpg,0
1339,data/train\nevus\ISIC_0014818.jpg,0
1340,data/train\nevus\ISIC_0014821.jpg,0
1341,data/train\nevus\ISIC_0014825.jpg,0
1342,data/train\nevus\ISIC_0014830.jpg,0
1343,data/train\nevus\ISIC_0014834.jpg,0
1344,data/train\nevus\ISIC_0014836.jpg,0
1345,data/train\nevus\ISIC_0014838.jpg,0
1346,data/train\nevus\ISIC_0014839.jpg,0
1347,data/train\nevus\ISIC_0014843.jpg,0
1348,data/train\nevus\ISIC_0014845.jpg,0
1349,data/train\nevus\ISIC_0014846.jpg,0
1350,data/train\nevus\ISIC_0014848.jpg,0
1351,data/train\nevus\ISIC_0014849.jpg,0
1352,data/train\nevus\ISIC_0014850.jpg,0
1353,data/train\nevus\ISIC_0014851.jpg,0
1354,data/train\nevus\ISIC_0014855.jpg,0
1355,data/train\nevus\ISIC_0014860.jpg,0
1356,data/train\nevus\ISIC_0014866.jpg,0
1357,data/train\nevus\ISIC_0014869.jpg,0
1358,data/train\nevus\ISIC_0014890.jpg,0
1359,data/train\nevus\ISIC_0014898.jpg,0
1360,data/train\nevus\ISIC_0014903.jpg,0
1361,data/train\nevus\ISIC_0014904.jpg,0
1362,data/train\nevus\ISIC_0014908.jpg,0
1363,data/train\nevus\ISIC_0014911.jpg,0
1364,data/train\nevus\ISIC_0014913.jpg,0
1365,data/train\nevus\ISIC_0014915.jpg,0
1366,data/train\nevus\ISIC_0014923.jpg,0
1367,data/train\nevus\ISIC_0014925.jpg,0
1368,data/train\nevus\ISIC_0014926.jpg,0
1369,data/train\nevus\ISIC_0014929.jpg,0
1370,data/train\nevus\ISIC_0014930.jpg,0
1371,data/train\nevus\ISIC_0014933.jpg,0
1372,data/train\seborrheic_keratosis\ISIC_0012090.jpg,0
1373,data/train\seborrheic_keratosis\ISIC_0012103.jpg,0
1374,data/train\seborrheic_keratosis\ISIC_0012117.jpg,0
1375,data/train\seborrheic_keratosis\ISIC_0012155.jpg,0
1376,data/train\seborrheic_keratosis\ISIC_0012170.jpg,0
1377,data/train\seborrheic_keratosis\ISIC_0012172.jpg,0
1378,data/train\seborrheic_keratosis\ISIC_0012173.jpg,0
1379,data/train\seborrheic_keratosis\ISIC_0012183.jpg,0
1380,data/train\seborrheic_keratosis\ISIC_0012214.jpg,0
1381,data/train\seborrheic_keratosis\ISIC_0012217.jpg,0
1382,data/train\seborrheic_keratosis\ISIC_0012224.jpg,0
1383,data/train\seborrheic_keratosis\ISIC_0012227.jpg,0
1384,data/train\seborrheic_keratosis\ISIC_0012237.jpg,0
1385,data/train\seborrheic_keratosis\ISIC_0012238.jpg,0
1386,data/train\seborrheic_keratosis\ISIC_0012245.jpg,0
1387,data/train\seborrheic_keratosis\ISIC_0012282.jpg,0
1388,data/train\seborrheic_keratosis\ISIC_0012291.jpg,0
1389,data/train\seborrheic_keratosis\ISIC_0012294.jpg,0
1390,data/train\seborrheic_keratosis\ISIC_0012299.jpg,0
1391,data/train\seborrheic_keratosis\ISIC_0012329.jpg,0
1392,data/train\seborrheic_keratosis\ISIC_0012342.jpg,0
1393,data/train\seborrheic_keratosis\ISIC_0012359.jpg,0
1394,data/train\seborrheic_keratosis\ISIC_0012377.jpg,0
1395,data/train\seborrheic_keratosis\ISIC_0012379.jpg,0
1396,data/train\seborrheic_keratosis\ISIC_0012386.jpg,0
1397,data/train\seborrheic_keratosis\ISIC_0012390.jpg,0
1398,data/train\seborrheic_keratosis\ISIC_0012397.jpg,0
1399,data/train\seborrheic_keratosis\ISIC_0012415.jpg,0
1400,data/train\seborrheic_keratosis\ISIC_0012416.jpg,0
1401,data/train\seborrheic_keratosis\ISIC_0012433.jpg,0
1402,data/train\seborrheic_keratosis\ISIC_0012452.jpg,0
1403,data/train\seborrheic_keratosis\ISIC_0012455.jpg,0
1404,data/train\seborrheic_keratosis\ISIC_0012459.jpg,0
1405,data/train\seborrheic_keratosis\ISIC_0012469.jpg,0
1406,data/train\seborrheic_keratosis\ISIC_0012473.jpg,0
1407,data/train\seborrheic_keratosis\ISIC_0012475.jpg,0
1408,data/train\seborrheic_keratosis\ISIC_0012478.jpg,0
1409,data/train\seborrheic_keratosis\ISIC_0012501.jpg,0
1410,data/train\seborrheic_keratosis\ISIC_0012516.jpg,0
1411,data/train\seborrheic_keratosis\ISIC_0012517.jpg,0
1412,data/train\seborrheic_keratosis\ISIC_0012527.jpg,0
1413,data/train\seborrheic_keratosis\ISIC_0012543.jpg,0
1414,data/train\seborrheic_keratosis\ISIC_0012661.jpg,0
1415,data/train\seborrheic_keratosis\ISIC_0012666.jpg,0
1416,data/train\seborrheic_keratosis\ISIC_0012693.jpg,0
1417,data/train\seborrheic_keratosis\ISIC_0012696.jpg,0
1418,data/train\seborrheic_keratosis\ISIC_0012697.jpg,0
1419,data/train\seborrheic_keratosis\ISIC_0012704.jpg,0
1420,data/train\seborrheic_keratosis\ISIC_0012719.jpg,0
1421,data/train\seborrheic_keratosis\ISIC_0012772.jpg,0
1422,data/train\seborrheic_keratosis\ISIC_0012773.jpg,0
1423,data/train\seborrheic_keratosis\ISIC_0012785.jpg,0
1424,data/train\seborrheic_keratosis\ISIC_0012790.jpg,0
1425,data/train\seborrheic_keratosis\ISIC_0012792.jpg,0
1426,data/train\seborrheic_keratosis\ISIC_0012800.jpg,0
1427,data/train\seborrheic_keratosis\ISIC_0012810.jpg,0
1428,data/train\seborrheic_keratosis\ISIC_0012811.jpg,0
1429,data/train\seborrheic_keratosis\ISIC_0012813.jpg,0
1430,data/train\seborrheic_keratosis\ISIC_0012828.jpg,0
1431,data/train\seborrheic_keratosis\ISIC_0012833.jpg,0
1432,data/train\seborrheic_keratosis\ISIC_0012840.jpg,0
1433,data/train\seborrheic_keratosis\ISIC_0012845.jpg,0
1434,data/train\seborrheic_keratosis\ISIC_0012851.jpg,0
1435,data/train\seborrheic_keratosis\ISIC_0012854.jpg,0
1436,data/train\seborrheic_keratosis\ISIC_0012856.jpg,0
1437,data/train\seborrheic_keratosis\ISIC_0012880.jpg,0
1438,data/train\seborrheic_keratosis\ISIC_0012884.jpg,0
1439,data/train\seborrheic_keratosis\ISIC_0012889.jpg,0
1440,data/train\seborrheic_keratosis\ISIC_0012898.jpg,0
1441,data/train\seborrheic_keratosis\ISIC_0012902.jpg,0
1442,data/train\seborrheic_keratosis\ISIC_0012932.jpg,0
1443,data/train\seborrheic_keratosis\ISIC_0012952.jpg,0
1444,data/train\seborrheic_keratosis\ISIC_0012962.jpg,0
1445,data/train\seborrheic_keratosis\ISIC_0012986.jpg,0
1446,data/train\seborrheic_keratosis\ISIC_0012998.jpg,0
1447,data/train\seborrheic_keratosis\ISIC_0013014.jpg,0
1448,data/train\seborrheic_keratosis\ISIC_0013033.jpg,0
1449,data/train\seborrheic_keratosis\ISIC_0013034.jpg,0
1450,data/train\seborrheic_keratosis\ISIC_0013040.jpg,0
1451,data/train\seborrheic_keratosis\ISIC_0013052.jpg,0
1452,data/train\seborrheic_keratosis\ISIC_0013054.jpg,0
1453,data/train\seborrheic_keratosis\ISIC_0013056.jpg,0
1454,data/train\seborrheic_keratosis\ISIC_0013059.jpg,0
1455,data/train\seborrheic_keratosis\ISIC_0013063.jpg,0
1456,data/train\seborrheic_keratosis\ISIC_0013065.jpg,0
1457,data/train\seborrheic_keratosis\ISIC_0013088.jpg,0
1458,data/train\seborrheic_keratosis\ISIC_0013089.jpg,0
1459,data/train\seborrheic_keratosis\ISIC_0013092.jpg,0
1460,data/train\seborrheic_keratosis\ISIC_0013129.jpg,0
1461,data/train\seborrheic_keratosis\ISIC_0013134.jpg,0
1462,data/train\seborrheic_keratosis\ISIC_0013146.jpg,0
1463,data/train\seborrheic_keratosis\ISIC_0013150.jpg,0
1464,data/train\seborrheic_keratosis\ISIC_0013160.jpg,0
1465,data/train\seborrheic_keratosis\ISIC_0013165.jpg,0
1466,data/train\seborrheic_keratosis\ISIC_0013166.jpg,0
1467,data/train\seborrheic_keratosis\ISIC_0013167.jpg,0
1468,data/train\seborrheic_keratosis\ISIC_0013174.jpg,0
1469,data/train\seborrheic_keratosis\ISIC_0013177.jpg,0
1470,data/train\seborrheic_keratosis\ISIC_0013178.jpg,0
1471,data/train\seborrheic_keratosis\ISIC_0013189.jpg,0
1472,data/train\seborrheic_keratosis\ISIC_0013200.jpg,0
1473,data/train\seborrheic_keratosis\ISIC_0013223.jpg,0
1474,data/train\seborrheic_keratosis\ISIC_0013236.jpg,0
1475,data/train\seborrheic_keratosis\ISIC_0013268.jpg,0
1476,data/train\seborrheic_keratosis\ISIC_0013316.jpg,0
1477,data/train\seborrheic_keratosis\ISIC_0013333.jpg,0
1478,data/train\seborrheic_keratosis\ISIC_0013335.jpg,0
1479,data/train\seborrheic_keratosis\ISIC_0013341.jpg,0
1480,data/train\seborrheic_keratosis\ISIC_0013360.jpg,0
1481,data/train\seborrheic_keratosis\ISIC_0013364.jpg,0
1482,data/train\seborrheic_keratosis\ISIC_0013370.jpg,0
1483,data/train\seborrheic_keratosis\ISIC_0013371.jpg,0
1484,data/train\seborrheic_keratosis\ISIC_0013397.jpg,0
1485,data/train\seborrheic_keratosis\ISIC_0013400.jpg,0
1486,data/train\seborrheic_keratosis\ISIC_0013409.jpg,0
1487,data/train\seborrheic_keratosis\ISIC_0013443.jpg,0
1488,data/train\seborrheic_keratosis\ISIC_0013458.jpg,0
1489,data/train\seborrheic_keratosis\ISIC_0013474.jpg,0
1490,data/train\seborrheic_keratosis\ISIC_0013493.jpg,0
1491,data/train\seborrheic_keratosis\ISIC_0013580.jpg,0
1492,data/train\seborrheic_keratosis\ISIC_0013584.jpg,0
1493,data/train\seborrheic_keratosis\ISIC_0013585.jpg,0
1494,data/train\seborrheic_keratosis\ISIC_0013621.jpg,0
1495,data/train\seborrheic_keratosis\ISIC_0013625.jpg,0
1496,data/train\seborrheic_keratosis\ISIC_0013635.jpg,0
1497,data/train\seborrheic_keratosis\ISIC_0013667.jpg,0
1498,data/train\seborrheic_keratosis\ISIC_0013680.jpg,0
1499,data/train\seborrheic_keratosis\ISIC_0013682.jpg,0
1500,data/train\seborrheic_keratosis\ISIC_0013684.jpg,0
1501,data/train\seborrheic_keratosis\ISIC_0013685.jpg,0
1502,data/train\seborrheic_keratosis\ISIC_0013687.jpg,0
1503,data/train\seborrheic_keratosis\ISIC_0013691.jpg,0
1504,data/train\seborrheic_keratosis\ISIC_0013706.jpg,0
1505,data/train\seborrheic_keratosis\ISIC_0013707.jpg,0
1506,data/train\seborrheic_keratosis\ISIC_0013709.jpg,0
1507,data/train\seborrheic_keratosis\ISIC_0013725.jpg,0
1508,data/train\seborrheic_keratosis\ISIC_0013731.jpg,0
1509,data/train\seborrheic_keratosis\ISIC_0013742.jpg,0
1510,data/train\seborrheic_keratosis\ISIC_0013765.jpg,0
1511,data/train\seborrheic_keratosis\ISIC_0013782.jpg,0
1512,data/train\seborrheic_keratosis\ISIC_0013817.jpg,0
1513,data/train\seborrheic_keratosis\ISIC_0013841.jpg,0
1514,data/train\seborrheic_keratosis\ISIC_0013864.jpg,0
1515,data/train\seborrheic_keratosis\ISIC_0013876.jpg,0
1516,data/train\seborrheic_keratosis\ISIC_0013890.jpg,0
1517,data/train\seborrheic_keratosis\ISIC_0013910.jpg,0
1518,data/train\seborrheic_keratosis\ISIC_0013918.jpg,0
1519,data/train\seborrheic_keratosis\ISIC_0013927.jpg,0
1520,data/train\seborrheic_keratosis\ISIC_0013929.jpg,0
1521,data/train\seborrheic_keratosis\ISIC_0013933.jpg,0
1522,data/train\seborrheic_keratosis\ISIC_0013958.jpg,0
1523,data/train\seborrheic_keratosis\ISIC_0013980.jpg,0
1524,data/train\seborrheic_keratosis\ISIC_0013981.jpg,0
1525,data/train\seborrheic_keratosis\ISIC_0014028.jpg,0
1526,data/train\seborrheic_keratosis\ISIC_0014029.jpg,0
1527,data/train\seborrheic_keratosis\ISIC_0014031.jpg,0
1528,data/train\seborrheic_keratosis\ISIC_0014032.jpg,0
1529,data/train\seborrheic_keratosis\ISIC_0014074.jpg,0
1530,data/train\seborrheic_keratosis\ISIC_0014083.jpg,0
1531,data/train\seborrheic_keratosis\ISIC_0014120.jpg,0
1532,data/train\seborrheic_keratosis\ISIC_0014169.jpg,0
1533,data/train\seborrheic_keratosis\ISIC_0014179.jpg,0
1534,data/train\seborrheic_keratosis\ISIC_0014191.jpg,0
1535,data/train\seborrheic_keratosis\ISIC_0014216.jpg,0
1536,data/train\seborrheic_keratosis\ISIC_0014264.jpg,0
1537,data/train\seborrheic_keratosis\ISIC_0014272.jpg,0
1538,data/train\seborrheic_keratosis\ISIC_0014273.jpg,0
1539,data/train\seborrheic_keratosis\ISIC_0014311.jpg,0
1540,data/train\seborrheic_keratosis\ISIC_0014341.jpg,0
1541,data/train\seborrheic_keratosis\ISIC_0014393.jpg,0
1542,data/train\seborrheic_keratosis\ISIC_0014397.jpg,0
1543,data/train\seborrheic_keratosis\ISIC_0014410.jpg,0
1544,data/train\seborrheic_keratosis\ISIC_0014432.jpg,0
1545,data/train\seborrheic_keratosis\ISIC_0014504.jpg,0
1546,data/train\seborrheic_keratosis\ISIC_0014515.jpg,0
1547,data/train\seborrheic_keratosis\ISIC_0014526.jpg,0
1548,data/train\seborrheic_keratosis\ISIC_0014535.jpg,0
1549,data/train\seborrheic_keratosis\ISIC_0014537.jpg,0
1550,data/train\seborrheic_keratosis\ISIC_0014554.jpg,0
1551,data/train\seborrheic_keratosis\ISIC_0014569.jpg,0
1552,data/train\seborrheic_keratosis\ISIC_0014570.jpg,0
1553,data/train\seborrheic_keratosis\ISIC_0014571.jpg,0
1554,data/train\seborrheic_keratosis\ISIC_0014573.jpg,0
1555,data/train\seborrheic_keratosis\ISIC_0014576.jpg,0
1556,data/train\seborrheic_keratosis\ISIC_0014577.jpg,0
1557,data/train\seborrheic_keratosis\ISIC_0014578.jpg,0
1558,data/train\seborrheic_keratosis\ISIC_0014579.jpg,0
1559,data/train\seborrheic_keratosis\ISIC_0014580.jpg,0
1560,data/train\seborrheic_keratosis\ISIC_0014581.jpg,0
1561,data/train\seborrheic_keratosis\ISIC_0014582.jpg,0
1562,data/train\seborrheic_keratosis\ISIC_0014583.jpg,0
1563,data/train\seborrheic_keratosis\ISIC_0014585.jpg,0
1564,data/train\seborrheic_keratosis\ISIC_0014589.jpg,0
1565,data/train\seborrheic_keratosis\ISIC_0014591.jpg,0
1566,data/train\seborrheic_keratosis\ISIC_0014592.jpg,0
1567,data/train\seborrheic_keratosis\ISIC_0014593.jpg,0
1568,data/train\seborrheic_keratosis\ISIC_0014594.jpg,0
1569,data/train\seborrheic_keratosis\ISIC_0014595.jpg,0
1570,data/train\seborrheic_keratosis\ISIC_0014596.jpg,0
1571,data/train\seborrheic_keratosis\ISIC_0014598.jpg,0
1572,data/train\seborrheic_keratosis\ISIC_0014599.jpg,0
1573,data/train\seborrheic_keratosis\ISIC_0014602.jpg,0
1574,data/train\seborrheic_keratosis\ISIC_0014603.jpg,0
1575,data/train\seborrheic_keratosis\ISIC_0014605.jpg,0
1576,data/train\seborrheic_keratosis\ISIC_0014606.jpg,0
1577,data/train\seborrheic_keratosis\ISIC_0014607.jpg,0
1578,data/train\seborrheic_keratosis\ISIC_0014609.jpg,0
1579,data/train\seborrheic_keratosis\ISIC_0014612.jpg,0
1580,data/train\seborrheic_keratosis\ISIC_0014613.jpg,0
1581,data/train\seborrheic_keratosis\ISIC_0014615.jpg,0
1582,data/train\seborrheic_keratosis\ISIC_0014617.jpg,0
1583,data/train\seborrheic_keratosis\ISIC_0014621.jpg,0
1584,data/train\seborrheic_keratosis\ISIC_0014622.jpg,0
1585,data/train\seborrheic_keratosis\ISIC_0014625.jpg,0
1586,data/train\seborrheic_keratosis\ISIC_0014628.jpg,0
1587,data/train\seborrheic_keratosis\ISIC_0014630.jpg,0
1588,data/train\seborrheic_keratosis\ISIC_0014632.jpg,0
1589,data/train\seborrheic_keratosis\ISIC_0014636.jpg,0
1590,data/train\seborrheic_keratosis\ISIC_0014638.jpg,0
1591,data/train\seborrheic_keratosis\ISIC_0014639.jpg,0
1592,data/train\seborrheic_keratosis\ISIC_0014640.jpg,0
1593,data/train\seborrheic_keratosis\ISIC_0014641.jpg,0
1594,data/train\seborrheic_keratosis\ISIC_0014642.jpg,0
1595,data/train\seborrheic_keratosis\ISIC_0014646.jpg,0
1596,data/train\seborrheic_keratosis\ISIC_0014650.jpg,0
1597,data/train\seborrheic_keratosis\ISIC_0014651.jpg,0
1598,data/train\seborrheic_keratosis\ISIC_0014654.jpg,0
1599,data/train\seborrheic_keratosis\ISIC_0014711.jpg,0
1600,data/train\seborrheic_keratosis\ISIC_0014723.jpg,0
1601,data/train\seborrheic_keratosis\ISIC_0014770.jpg,0
1602,data/train\seborrheic_keratosis\ISIC_0014793.jpg,0
1603,data/train\seborrheic_keratosis\ISIC_0014804.jpg,0
1604,data/train\seborrheic_keratosis\ISIC_0014806.jpg,0
1605,data/train\seborrheic_keratosis\ISIC_0014811.jpg,0
1606,data/train\seborrheic_keratosis\ISIC_0014819.jpg,0
1607,data/train\seborrheic_keratosis\ISIC_0014823.jpg,0
1608,data/train\seborrheic_keratosis\ISIC_0014831.jpg,0
1609,data/train\seborrheic_keratosis\ISIC_0015006.jpg,0
1610,data/train\seborrheic_keratosis\ISIC_0015032.jpg,0
1611,data/train\seborrheic_keratosis\ISIC_0015038.jpg,0
1612,data/train\seborrheic_keratosis\ISIC_0015044.jpg,0
1613,data/train\seborrheic_keratosis\ISIC_0015108.jpg,0
1614,data/train\seborrheic_keratosis\ISIC_0015112.jpg,0
1615,data/train\seborrheic_keratosis\ISIC_0015113.jpg,0
1616,data/train\seborrheic_keratosis\ISIC_0015153.jpg,0
1617,data/train\seborrheic_keratosis\ISIC_0015158.jpg,0
1618,data/train\seborrheic_keratosis\ISIC_0015168.jpg,0
1619,data/train\seborrheic_keratosis\ISIC_0015170.jpg,0
1620,data/train\seborrheic_keratosis\ISIC_0015181.jpg,0
1621,data/train\seborrheic_keratosis\ISIC_0015182.jpg,0
1622,data/train\seborrheic_keratosis\ISIC_0015220.jpg,0
1623,data/train\seborrheic_keratosis\ISIC_0015233.jpg,0
1624,data/train\seborrheic_keratosis\ISIC_0015260.jpg,0
1625,data/train\seborrheic_keratosis\ISIC_0015295.jpg,0
1626,data/train\melanoma\ISIC_0000002.jpg,1
1627,data/train\melanoma\ISIC_0000004.jpg,1
1628,data/train\melanoma\ISIC_0000013.jpg,1
1629,data/train\melanoma\ISIC_0000022.jpg,1
1630,data/train\melanoma\ISIC_0000026.jpg,1
1631,data/train\melanoma\ISIC_0000029.jpg,1
1632,data/train\melanoma\ISIC_0000030.jpg,1
1633,data/train\melanoma\ISIC_0000031.jpg,1
1634,data/train\melanoma\ISIC_0000035.jpg,1
1635,data/train\melanoma\ISIC_0000036.jpg,1
1636,data/train\melanoma\ISIC_0000040.jpg,1
1637,data/train\melanoma\ISIC_0000043.jpg,1
1638,data/train\melanoma\ISIC_0000046.jpg,1
1639,data/train\melanoma\ISIC_0000049.jpg,1
1640,data/train\melanoma\ISIC_0000054.jpg,1
1641,data/train\melanoma\ISIC_0000056.jpg,1
1642,data/train\melanoma\ISIC_0000074.jpg,1
1643,data/train\melanoma\ISIC_0000077.jpg,1
1644,data/train\melanoma\ISIC_0000078.jpg,1
1645,data/train\melanoma\ISIC_0000139.jpg,1
1646,data/train\melanoma\ISIC_0000140.jpg,1
1647,data/train\melanoma\ISIC_0000141.jpg,1
1648,data/train\melanoma\ISIC_0000142.jpg,1
1649,data/train\melanoma\ISIC_0000143.jpg,1
1650,data/train\melanoma\ISIC_0000145.jpg,1
1651,data/train\melanoma\ISIC_0000146.jpg,1
1652,data/train\melanoma\ISIC_0000147.jpg,1
1653,data/train\melanoma\ISIC_0000148.jpg,1
1654,data/train\melanoma\ISIC_0000149.jpg,1
1655,data/train\melanoma\ISIC_0000150.jpg,1
1656,data/train\melanoma\ISIC_0000151.jpg,1
1657,data/train\melanoma\ISIC_0000152.jpg,1
1658,data/train\melanoma\ISIC_0000153.jpg,1
1659,data/train\melanoma\ISIC_0000154.jpg,1
1660,data/train\melanoma\ISIC_0000155.jpg,1
1661,data/train\melanoma\ISIC_0000156.jpg,1
1662,data/train\melanoma\ISIC_0000157.jpg,1
1663,data/train\melanoma\ISIC_0000159.jpg,1
1664,data/train\melanoma\ISIC_0000160.jpg,1
1665,data/train\melanoma\ISIC_0000161.jpg,1
1666,data/train\melanoma\ISIC_0000162.jpg,1
1667,data/train\melanoma\ISIC_0000163.jpg,1
1668,data/train\melanoma\ISIC_0000164.jpg,1
1669,data/train\melanoma\ISIC_0000165.jpg,1
1670,data/train\melanoma\ISIC_0000166.jpg,1
1671,data/train\melanoma\ISIC_0000167.jpg,1
1672,data/train\melanoma\ISIC_0000169.jpg,1
1673,data/train\melanoma\ISIC_0000171.jpg,1
1674,data/train\melanoma\ISIC_0000172.jpg,1
1675,data/train\melanoma\ISIC_0000174.jpg,1
1676,data/train\melanoma\ISIC_0000176.jpg,1
1677,data/train\melanoma\ISIC_0000276.jpg,1
1678,data/train\melanoma\ISIC_0000277.jpg,1
1679,data/train\melanoma\ISIC_0000278.jpg,1
1680,data/train\melanoma\ISIC_0000281.jpg,1
1681,data/train\melanoma\ISIC_0000282.jpg,1
1682,data/train\melanoma\ISIC_0000283.jpg,1
1683,data/train\melanoma\ISIC_0000285.jpg,1
1684,data/train\melanoma\ISIC_0000288.jpg,1
1685,data/train\melanoma\ISIC_0000289.jpg,1
1686,data/train\melanoma\ISIC_0000290.jpg,1
1687,data/train\melanoma\ISIC_0000292.jpg,1
1688,data/train\melanoma\ISIC_0000293.jpg,1
1689,data/train\melanoma\ISIC_0000294.jpg,1
1690,data/train\melanoma\ISIC_0000295.jpg,1
1691,data/train\melanoma\ISIC_0000297.jpg,1
1692,data/train\melanoma\ISIC_0000298.jpg,1
1693,data/train\melanoma\ISIC_0000299.jpg,1
1694,data/train\melanoma\ISIC_0000300.jpg,1
1695,data/train\melanoma\ISIC_0000301.jpg,1
1696,data/train\melanoma\ISIC_0000302.jpg,1
1697,data/train\melanoma\ISIC_0000303.jpg,1
1698,data/train\melanoma\ISIC_0000306.jpg,1
1699,data/train\melanoma\ISIC_0000307.jpg,1
1700,data/train\melanoma\ISIC_0000310.jpg,1
1701,data/train\melanoma\ISIC_0000311.jpg,1
1702,data/train\melanoma\ISIC_0000313.jpg,1
1703,data/train\melanoma\ISIC_0000314.jpg,1
1704,data/train\melanoma\ISIC_0000390.jpg,1
1705,data/train\melanoma\ISIC_0000393.jpg,1
1706,data/train\melanoma\ISIC_0000395.jpg,1
1707,data/train\melanoma\ISIC_0000410.jpg,1
1708,data/train\melanoma\ISIC_0000412.jpg,1
1709,data/train\melanoma\ISIC_0000413.jpg,1
1710,data/train\melanoma\ISIC_0000415.jpg,1
1711,data/train\melanoma\ISIC_0000420.jpg,1
1712,data/train\melanoma\ISIC_0000434.jpg,1
1713,data/train\melanoma\ISIC_0000444.jpg,1
1714,data/train\melanoma\ISIC_0000445.jpg,1
1715,data/train\melanoma\ISIC_0000463.jpg,1
1716,data/train\melanoma\ISIC_0000466.jpg,1
1717,data/train\melanoma\ISIC_0000469.jpg,1
1718,data/train\melanoma\ISIC_0000482.jpg,1
1719,data/train\melanoma\ISIC_0000484.jpg,1
1720,data/train\melanoma\ISIC_0000487.jpg,1
1721,data/train\melanoma\ISIC_0000511.jpg,1
1722,data/train\melanoma\ISIC_0000513.jpg,1
1723,data/train\melanoma\ISIC_0000516.jpg,1
1724,data/train\melanoma\ISIC_0000517.jpg,1
1725,data/train\melanoma\ISIC_0000518.jpg,1
1726,data/train\melanoma\ISIC_0000519.jpg,1
1727,data/train\melanoma\ISIC_0000520.jpg,1
1728,data/train\melanoma\ISIC_0000521.jpg,1
1729,data/train\melanoma\ISIC_0000522.jpg,1
1730,data/train\melanoma\ISIC_0000531.jpg,1
1731,data/train\melanoma\ISIC_0000533.jpg,1
1732,data/train\melanoma\ISIC_0000547.jpg,1
1733,data/train\melanoma\ISIC_0000548.jpg,1
1734,data/train\melanoma\ISIC_0000549.jpg,1
1735,data/train\melanoma\ISIC_0000550.jpg,1
1736,data/train\melanoma\ISIC_0000551.jpg,1
1737,data/train\melanoma\ISIC_0000552.jpg,1
1738,data/train\melanoma\ISIC_0000554.jpg,1
1739,data/train\melanoma\ISIC_0000555.jpg,1
1740,data/train\melanoma\ISIC_0001100.jpg,1
1741,data/train\melanoma\ISIC_0001102.jpg,1
1742,data/train\melanoma\ISIC_0001103.jpg,1
1743,data/train\melanoma\ISIC_0001105.jpg,1
1744,data/train\melanoma\ISIC_0001118.jpg,1
1745,data/train\melanoma\ISIC_0001119.jpg,1
1746,data/train\melanoma\ISIC_0001126.jpg,1
1747,data/train\melanoma\ISIC_0001128.jpg,1
1748,data/train\melanoma\ISIC_0001131.jpg,1
1749,data/train\melanoma\ISIC_0001133.jpg,1
1750,data/train\melanoma\ISIC_0001134.jpg,1
1751,data/train\melanoma\ISIC_0001140.jpg,1
1752,data/train\melanoma\ISIC_0001142.jpg,1
1753,data/train\melanoma\ISIC_0001148.jpg,1
1754,data/train\melanoma\ISIC_0001152.jpg,1
1755,data/train\melanoma\ISIC_0009868.jpg,1
1756,data/train\melanoma\ISIC_0009882.jpg,1
1757,data/train\melanoma\ISIC_0009897.jpg,1
1758,data/train\melanoma\ISIC_0009898.jpg,1
1759,data/train\melanoma\ISIC_0009905.jpg,1
1760,data/train\melanoma\ISIC_0009910.jpg,1
1761,data/train\melanoma\ISIC_0009918.jpg,1
1762,data/train\melanoma\ISIC_0009950.jpg,1
1763,data/train\melanoma\ISIC_0009955.jpg,1
1764,data/train\melanoma\ISIC_0009960.jpg,1
1765,data/train\melanoma\ISIC_0009971.jpg,1
1766,data/train\melanoma\ISIC_0009993.jpg,1
1767,data/train\melanoma\ISIC_0010000.jpg,1
1768,data/train\melanoma\ISIC_0010011.jpg,1
1769,data/train\melanoma\ISIC_0010016.jpg,1
1770,data/train\melanoma\ISIC_0010024.jpg,1
1771,data/train\melanoma\ISIC_0010029.jpg,1
1772,data/train\melanoma\ISIC_0010034.jpg,1
1773,data/train\melanoma\ISIC_0010036.jpg,1
1774,data/train\melanoma\ISIC_0010054.jpg,1
1775,data/train\melanoma\ISIC_0010067.jpg,1
1776,data/train\melanoma\ISIC_0010080.jpg,1
1777,data/train\melanoma\ISIC_0010081.jpg,1
1778,data/train\melanoma\ISIC_0010089.jpg,1
1779,data/train\melanoma\ISIC_0010094.jpg,1
1780,data/train\melanoma\ISIC_0010171.jpg,1
1781,data/train\melanoma\ISIC_0010174.jpg,1
1782,data/train\melanoma\ISIC_0010194.jpg,1
1783,data/train\melanoma\ISIC_0010207.jpg,1
1784,data/train\melanoma\ISIC_0010225.jpg,1
1785,data/train\melanoma\ISIC_0010231.jpg,1
1786,data/train\melanoma\ISIC_0010240.jpg,1
1787,data/train\melanoma\ISIC_0010241.jpg,1
1788,data/train\melanoma\ISIC_0010251.jpg,1
1789,data/train\melanoma\ISIC_0010265.jpg,1
1790,data/train\melanoma\ISIC_0010267.jpg,1
1791,data/train\melanoma\ISIC_0010329.jpg,1
1792,data/train\melanoma\ISIC_0010350.jpg,1
1793,data/train\melanoma\ISIC_0010358.jpg,1
1794,data/train\melanoma\ISIC_0010360.jpg,1
1795,data/train\melanoma\ISIC_0010364.jpg,1
1796,data/train\melanoma\ISIC_0010372.jpg,1
1797,data/train\melanoma\ISIC_0010379.jpg,1
1798,data/train\melanoma\ISIC_0010441.jpg,1
1799,data/train\melanoma\ISIC_0010466.jpg,1
1800,data/train\melanoma\ISIC_0010468.jpg,1
1801,data/train\melanoma\ISIC_0010476.jpg,1
1802,data/train\melanoma\ISIC_0010587.jpg,1
1803,data/train\melanoma\ISIC_0010591.jpg,1
1804,data/train\melanoma\ISIC_0010596.jpg,1
1805,data/train\melanoma\ISIC_0010597.jpg,1
1806,data/train\melanoma\ISIC_0010852.jpg,1
1807,data/train\melanoma\ISIC_0010860.jpg,1
1808,data/train\melanoma\ISIC_0010862.jpg,1
1809,data/train\melanoma\ISIC_0010863.jpg,1
1810,data/train\melanoma\ISIC_0011095.jpg,1
1811,data/train\melanoma\ISIC_0011099.jpg,1
1812,data/train\melanoma\ISIC_0011112.jpg,1
1813,data/train\melanoma\ISIC_0011118.jpg,1
1814,data/train\melanoma\ISIC_0011121.jpg,1
1815,data/train\melanoma\ISIC_0011126.jpg,1
1816,data/train\melanoma\ISIC_0011130.jpg,1
1817,data/train\melanoma\ISIC_0011132.jpg,1
1818,data/train\melanoma\ISIC_0011135.jpg,1
1819,data/train\melanoma\ISIC_0011136.jpg,1
1820,data/train\melanoma\ISIC_0011137.jpg,1
1821,data/train\melanoma\ISIC_0011140.jpg,1
1822,data/train\melanoma\ISIC_0011158.jpg,1
1823,data/train\melanoma\ISIC_0011161.jpg,1
1824,data/train\melanoma\ISIC_0011163.jpg,1
1825,data/train\melanoma\ISIC_0011166.jpg,1
1826,data/train\melanoma\ISIC_0011169.jpg,1
1827,data/train\melanoma\ISIC_0011176.jpg,1
1828,data/train\melanoma\ISIC_0011210.jpg,1
1829,data/train\melanoma\ISIC_0011305.jpg,1
1830,data/train\melanoma\ISIC_0011315.jpg,1
1831,data/train\melanoma\ISIC_0011344.jpg,1
1832,data/train\melanoma\ISIC_0011348.jpg,1
1833,data/train\melanoma\ISIC_0011349.jpg,1
1834,data/train\melanoma\ISIC_0011366.jpg,1
1835,data/train\melanoma\ISIC_0011387.jpg,1
1836,data/train\melanoma\ISIC_0012137.jpg,1
1837,data/train\melanoma\ISIC_0012208.jpg,1
1838,data/train\melanoma\ISIC_0012290.jpg,1
1839,data/train\melanoma\ISIC_0012298.jpg,1
1840,data/train\melanoma\ISIC_0012348.jpg,1
1841,data/train\melanoma\ISIC_0012382.jpg,1
1842,data/train\melanoma\ISIC_0012391.jpg,1
1843,data/train\melanoma\ISIC_0012435.jpg,1
1844,data/train\melanoma\ISIC_0012450.jpg,1
1845,data/train\melanoma\ISIC_0012512.jpg,1
1846,data/train\melanoma\ISIC_0012678.jpg,1
1847,data/train\melanoma\ISIC_0012701.jpg,1
1848,data/train\melanoma\ISIC_0012715.jpg,1
1849,data/train\melanoma\ISIC_0012749.jpg,1
1850,data/train\melanoma\ISIC_0012756.jpg,1
1851,data/train\melanoma\ISIC_0012887.jpg,1
1852,data/train\melanoma\ISIC_0012930.jpg,1
1853,data/train\melanoma\ISIC_0012988.jpg,1
1854,data/train\melanoma\ISIC_0012990.jpg,1
1855,data/train\melanoma\ISIC_0013079.jpg,1
1856,data/train\melanoma\ISIC_0013141.jpg,1
1857,data/train\melanoma\ISIC_0013184.jpg,1
1858,data/train\melanoma\ISIC_0013198.jpg,1
1859,data/train\melanoma\ISIC_0013258.jpg,1
1860,data/train\melanoma\ISIC_0013334.jpg,1
1861,data/train\melanoma\ISIC_0013359.jpg,1
1862,data/train\melanoma\ISIC_0013365.jpg,1
1863,data/train\melanoma\ISIC_0013427.jpg,1
1864,data/train\melanoma\ISIC_0013429.jpg,1
1865,data/train\melanoma\ISIC_0013490.jpg,1
1866,data/train\melanoma\ISIC_0013497.jpg,1
1867,data/train\melanoma\ISIC_0013499.jpg,1
1868,data/train\melanoma\ISIC_0013500.jpg,1
1869,data/train\melanoma\ISIC_0013525.jpg,1
1870,data/train\melanoma\ISIC_0013530.jpg,1
1871,data/train\melanoma\ISIC_0013567.jpg,1
1872,data/train\melanoma\ISIC_0013572.jpg,1
1873,data/train\melanoma\ISIC_0013573.jpg,1
1874,data/train\melanoma\ISIC_0013578.jpg,1
1875,data/train\melanoma\ISIC_0013579.jpg,1
1876,data/train\melanoma\ISIC_0013581.jpg,1
1877,data/train\melanoma\ISIC_0013594.jpg,1
1878,data/train\melanoma\ISIC_0013606.jpg,1
1879,data/train\melanoma\ISIC_0013610.jpg,1
1880,data/train\melanoma\ISIC_0013618.jpg,1
1881,data/train\melanoma\ISIC_0013626.jpg,1
1882,data/train\melanoma\ISIC_0013634.jpg,1
1883,data/train\melanoma\ISIC_0013639.jpg,1
1884,data/train\melanoma\ISIC_0013652.jpg,1
1885,data/train\melanoma\ISIC_0013671.jpg,1
1886,data/train\melanoma\ISIC_0013672.jpg,1
1887,data/train\melanoma\ISIC_0013674.jpg,1
1888,data/train\melanoma\ISIC_0013740.jpg,1
1889,data/train\melanoma\ISIC_0013762.jpg,1
1890,data/train\melanoma\ISIC_0013775.jpg,1
1891,data/train\melanoma\ISIC_0013777.jpg,1
1892,data/train\melanoma\ISIC_0013783.jpg,1
1893,data/train\melanoma\ISIC_0013815.jpg,1
1894,data/train\melanoma\ISIC_0013831.jpg,1
1895,data/train\melanoma\ISIC_0013832.jpg,1
1896,data/train\melanoma\ISIC_0013839.jpg,1
1897,data/train\melanoma\ISIC_0013840.jpg,1
1898,data/train\melanoma\ISIC_0013844.jpg,1
1899,data/train\melanoma\ISIC_0013845.jpg,1
1900,data/train\melanoma\ISIC_0013861.jpg,1
1901,data/train\melanoma\ISIC_0013865.jpg,1
1902,data/train\melanoma\ISIC_0013874.jpg,1
1903,data/train\melanoma\ISIC_0013936.jpg,1
1904,data/train\melanoma\ISIC_0013969.jpg,1
1905,data/train\melanoma\ISIC_0013972.jpg,1
1906,data/train\melanoma\ISIC_0013975.jpg,1
1907,data/train\melanoma\ISIC_0013984.jpg,1
1908,data/train\melanoma\ISIC_0013986.jpg,1
1909,data/train\melanoma\ISIC_0013995.jpg,1
1910,data/train\melanoma\ISIC_0013997.jpg,1
1911,data/train\melanoma\ISIC_0014013.jpg,1
1912,data/train\melanoma\ISIC_0014044.jpg,1
1913,data/train\melanoma\ISIC_0014049.jpg,1
1914,data/train\melanoma\ISIC_0014061.jpg,1
1915,data/train\melanoma\ISIC_0014062.jpg,1
1916,data/train\melanoma\ISIC_0014072.jpg,1
1917,data/train\melanoma\ISIC_0014076.jpg,1
1918,data/train\melanoma\ISIC_0014079.jpg,1
1919,data/train\melanoma\ISIC_0014082.jpg,1
1920,data/train\melanoma\ISIC_0014088.jpg,1
1921,data/train\melanoma\ISIC_0014092.jpg,1
1922,data/train\melanoma\ISIC_0014099.jpg,1
1923,data/train\melanoma\ISIC_0014108.jpg,1
1924,data/train\melanoma\ISIC_0014127.jpg,1
1925,data/train\melanoma\ISIC_0014132.jpg,1
1926,data/train\melanoma\ISIC_0014133.jpg,1
1927,data/train\melanoma\ISIC_0014136.jpg,1
1928,data/train\melanoma\ISIC_0014144.jpg,1
1929,data/train\melanoma\ISIC_0014151.jpg,1
1930,data/train\melanoma\ISIC_0014156.jpg,1
1931,data/train\melanoma\ISIC_0014157.jpg,1
1932,data/train\melanoma\ISIC_0014163.jpg,1
1933,data/train\melanoma\ISIC_0014171.jpg,1
1934,data/train\melanoma\ISIC_0014173.jpg,1
1935,data/train\melanoma\ISIC_0014183.jpg,1
1936,data/train\melanoma\ISIC_0014187.jpg,1
1937,data/train\melanoma\ISIC_0014189.jpg,1
1938,data/train\melanoma\ISIC_0014190.jpg,1
1939,data/train\melanoma\ISIC_0014222.jpg,1
1940,data/train\melanoma\ISIC_0014229.jpg,1
1941,data/train\melanoma\ISIC_0014238.jpg,1
1942,data/train\melanoma\ISIC_0014249.jpg,1
1943,data/train\melanoma\ISIC_0014289.jpg,1
1944,data/train\melanoma\ISIC_0014290.jpg,1
1945,data/train\melanoma\ISIC_0014291.jpg,1
1946,data/train\melanoma\ISIC_0014308.jpg,1
1947,data/train\melanoma\ISIC_0014316.jpg,1
1948,data/train\melanoma\ISIC_0014324.jpg,1
1949,data/train\melanoma\ISIC_0014325.jpg,1
1950,data/train\melanoma\ISIC_0014327.jpg,1
1951,data/train\melanoma\ISIC_0014331.jpg,1
1952,data/train\melanoma\ISIC_0014337.jpg,1
1953,data/train\melanoma\ISIC_0014347.jpg,1
1954,data/train\melanoma\ISIC_0014357.jpg,1
1955,data/train\melanoma\ISIC_0014360.jpg,1
1956,data/train\melanoma\ISIC_0014361.jpg,1
1957,data/train\melanoma\ISIC_0014366.jpg,1
1958,data/train\melanoma\ISIC_0014372.jpg,1
1959,data/train\melanoma\ISIC_0014385.jpg,1
1960,data/train\melanoma\ISIC_0014395.jpg,1
1961,data/train\melanoma\ISIC_0014422.jpg,1
1962,data/train\melanoma\ISIC_0014476.jpg,1
1963,data/train\melanoma\ISIC_0014480.jpg,1
1964,data/train\melanoma\ISIC_0014486.jpg,1
1965,data/train\melanoma\ISIC_0014501.jpg,1
1966,data/train\melanoma\ISIC_0014507.jpg,1
1967,data/train\melanoma\ISIC_0014518.jpg,1
1968,data/train\melanoma\ISIC_0014525.jpg,1
1969,data/train\melanoma\ISIC_0014527.jpg,1
1970,data/train\melanoma\ISIC_0014543.jpg,1
1971,data/train\melanoma\ISIC_0014545.jpg,1
1972,data/train\melanoma\ISIC_0014557.jpg,1
1973,data/train\melanoma\ISIC_0014722.jpg,1
1974,data/train\melanoma\ISIC_0014735.jpg,1
1975,data/train\melanoma\ISIC_0014788.jpg,1
1976,data/train\melanoma\ISIC_0014795.jpg,1
1977,data/train\melanoma\ISIC_0014832.jpg,1
1978,data/train\melanoma\ISIC_0014891.jpg,1
1979,data/train\melanoma\ISIC_0014897.jpg,1
1980,data/train\melanoma\ISIC_0014919.jpg,1
1981,data/train\melanoma\ISIC_0014920.jpg,1
1982,data/train\melanoma\ISIC_0014922.jpg,1
1983,data/train\melanoma\ISIC_0014951.jpg,1
1984,data/train\melanoma\ISIC_0014975.jpg,1
1985,data/train\melanoma\ISIC_0014983.jpg,1
1986,data/train\melanoma\ISIC_0014987.jpg,1
1987,data/train\melanoma\ISIC_0015005.jpg,1
1988,data/train\melanoma\ISIC_0015045.jpg,1
1989,data/train\melanoma\ISIC_0015079.jpg,1
1990,data/train\melanoma\ISIC_0015082.jpg,1
1991,data/train\melanoma\ISIC_0015109.jpg,1
1992,data/train\melanoma\ISIC_0015110.jpg,1
1993,data/train\melanoma\ISIC_0015166.jpg,1
1994,data/train\melanoma\ISIC_0015189.jpg,1
1995,data/train\melanoma\ISIC_0015190.jpg,1
1996,data/train\melanoma\ISIC_0015200.jpg,1
1997,data/train\melanoma\ISIC_0015204.jpg,1
1998,data/train\melanoma\ISIC_0015219.jpg,1
1999,data/train\melanoma\ISIC_0015284.jpg,1
